videoId,author,text,publishedAt,likeCount,cleaned_text,sentiment_score,sentiment
BxagwilBee0,@khaykhay9049,"Penting itu ocehan kamu Joo, saya sering mendapatkan diskriminasi di resto2 di bali karena sy orang lokal berwajah oriental. Dikiranya kita orang lokal kere mentangÂ² celana pendek sendal jepit, padahal orang lokal, orang indonesia klo belanja di bali royal. Cuma ya pelayanÂ² resto itulah lebih mendewakan bule, pdhl bule cuman minum anker bir doank smnt kita beli minum yg 2x lebih mahal.",2024-11-26T02:32:17Z,11,ocehan joo diskriminasi resto2 bali sy orang lokal berwajah oriental dikiranya orang lokal kere mentangÂ² celana pendek sendal jepit orang lokal orang indonesia klo belanja bali royal ya pelayanÂ² resto mendewakan bule pdhl bule cuman minum anker bir doank smnt beli minum yg 2x mahal,0.0,Netral
BxagwilBee0,@BongMeiLing,Dulu saya selalu datang ke sini lepak2 saja dengan kawan2,2025-06-09T08:15:43Z,0,lepak2 kawan2,0.0,Netral
BxagwilBee0,@NugrahaSetiawan-k5q,"Mantab kuta jobikin kangeenn jo, thx ya infonya bagus banget, sehat selalu jo, banyak rejekinya ya, salam sukses dari bandungğŸ‰",2025-06-08T23:37:58Z,0,mantab kuta jobikin kangeenn jo thx ya infonya bagus banget sehat jo rejekinya ya salam sukses bandung,0.0,Netral
BxagwilBee0,@nunuksetyaningwati8894,Pantai bali,2025-05-19T02:01:24Z,0,pantai bali,0.0,Netral
BxagwilBee0,@ampatmerah10,Juni 2023 main air dan foto2an sama si Cantik di pantai Kuta sungguh kenangan indah yg tak akan terlupakan,2025-05-03T14:45:54Z,0,juni 2023 main air foto2an si cantik pantai kuta sungguh kenangan indah yg terlupakan,0.16666666666666666,Positif
BxagwilBee0,@SaniahKardjani,"Di Thn 1971 saya  pernah  ber cuti  di Pulau  Bali  ber jalan 2 di pantai  Kuta  tapi hanya  warung penjual  teh es , dan kopi  , tapi sekarang  sudah berganti ramai ya  , terima kasih  atas  Informasinya",2025-04-30T19:50:08Z,0,thn 1971 ber cuti pulau bali ber jalan 2 pantai kuta warung penjual teh es kopi berganti ramai ya terima kasih informasinya,0.0,Netral
BxagwilBee0,@BadarRudin-g9j,Berapa duit masuk ke wisata pantai kuta,2025-04-09T05:29:49Z,0,duit masuk wisata pantai kuta,0.0,Netral
BxagwilBee0,@GuzDharma-n8l,"Kuta dithn 1976sangat kumuh,gak nyangka serame ini,aku dulu mangkal disini,Kuta kutinggal bertransmigrasi kesulawesi.",2025-04-05T23:45:47Z,0,kuta dithn 1976sangat kumuhgak nyangka serame iniaku mangkal disinikuta kutinggal bertransmigrasi kesulawesi,0.0,Netral
BxagwilBee0,@srisukamti692,Wauw....aku dulu juga ke kuta pantai...penuh kenangan...semoga abrasi. bisa di  renovasi...ğŸ˜…,2025-04-05T11:52:06Z,0,wauwaku kuta pantaipenuh kenangansemoga abrasi renovasi,0.0,Netral
BxagwilBee0,@NicoNico-e8n,Mantap joo,2025-03-27T12:39:30Z,0,mantap joo,0.0,Netral
BxagwilBee0,@HasbiUliyandi01,kenapa. di. bikin kumuh. kuta.  takut.  pantai. besar. seoerti. atlas. dll..jd.  saing.  kali. banyak. mall. jd.  tak menaaarik.  di.  jln. apalagi.  jln.  tak.  leega. keeliatan.  jln. nya. sempit kalau jln.  pantai.  sayang. jual.  kekapa.  muda.  bikin.  kumuh. stansar.  erofa.  senang. keindahan. . lega.  nyaman .otak.  sejuk...bali. indah maju. terus.  iibdo.  hebat,2025-03-23T12:01:32Z,0,bikin kumuh kuta takut pantai seoerti atlas dlljd saing kali mall jd menaaarik jln jln leega keeliatan jln nya sempit jln pantai sayang jual kekapa muda bikin kumuh stansar erofa senang keindahan lega nyaman otak sejukbali indah maju iibdo hebat,0.0,Netral
BxagwilBee0,@OppoA5S-um2xp,"Bali saat ini dgn Bali pada thn.90an sangat beda banget, dulu pantai Kute dan Pantai Sanur yg paling Rame dan terkenal tp sekarang sdh banyak pantai2 yg sudah di bangun, saya punya pengalaman yg asik : thn.90an saya ke Bali dgn teman saya lalu saya mengunjungi KINTAMANI ingon tau Orang Bali Asli jika ninggal tdk di kubur atau di Akremasi, nanun hanya di taruh di bawah pohon besar gt saja, nah untuk mencapai pemakamn orang Bali Asli kita hars naik Prahu manual bukan motorboat itu jaraknya kira2 1km, gitulah Bali dulu, kalo sekarang sdh pakek Motorboat dan dulu Bali masih sangat NATURAL dan di Kota Denpasar Udaranya cukup dingin.",2025-03-23T02:03:50Z,0,bali dgn bali thn90an beda banget pantai kute pantai sanur yg rame terkenal tp sdh pantai2 yg bangun pengalaman yg asik thn90an bali dgn teman mengunjungi kintamani ingon tau orang bali asli ninggal tdk kubur akremasi nanun taruh pohon gt mencapai pemakamn orang bali asli hars prahu manual motorboat jaraknya kira2 1km gitulah bali kalo sdh pakek motorboat bali natural kota denpasar udaranya dingin,0.1,Positif
BxagwilBee0,@NgisJegu,"Huang, Gagal Bali Lautan Gagal Jaga Kediri Gen Gagal",2025-03-16T12:10:39Z,0,huang gagal bali lautan gagal jaga kediri gen gagal,0.0,Netral
BxagwilBee0,@JalJal-c1n,Kuta,2025-03-12T09:28:21Z,0,kuta,0.0,Netral
BxagwilBee0,@dekirizalman6886,"JUJUR,,PANTAI  KUTA MEMANG SUDAH GAK WORTID LAGI",2025-03-07T08:35:00Z,0,jujurpantai kuta gak wortid,0.0,Netral
BxagwilBee0,@dekirizalman6886,"DULU GARIS PANTAI KUTA SANGAT LEBAR,,TAPI SEKARANG SUDAH ABRASI",2025-03-07T08:33:21Z,0,garis pantai kuta lebartapi abrasi,0.0,Netral
BxagwilBee0,@dekirizalman6886,PANTAI KUTA YANG SEKARANG SUDAH ABRASI PARAH ğŸ˜¢ğŸ˜¢,2025-03-07T08:31:54Z,0,pantai kuta abrasi parah,0.0,Netral
BxagwilBee0,@TalithaTata-q3o,ğŸ˜Š,2025-03-01T03:16:55Z,0,,0.0,Netral
BxagwilBee0,@marusmedia,Great Bali! Bravoo!,2025-02-17T10:15:47Z,0,great bali bravoo,0.8,Positif
BxagwilBee0,@HolilYesaya,"Kena apa yah, pantai Kuta skr kok sempit..",2025-02-11T13:27:06Z,0,kena yah pantai kuta skr sempit,0.0,Netral
BxagwilBee0,@BALITRIPADVENTUR-yh3hv,Pantai kuta adalah pantai yg begitu exsotik,2025-01-31T11:29:20Z,0,pantai kuta pantai yg exsotik,0.0,Netral
BxagwilBee0,@NugrahaSetiawan-k5q,"Wah mantab joo , baagus ya, tks infonya, rencana bulan depan saya akan ke. Bali, pastinya ke pantai kuta, semoga sehat selalu broother, , banyak rejekinya dan sukses terus joo, salam sukses, dari jemberğŸ‰ğŸ˜Š",2025-01-28T00:22:58Z,0,mantab joo baagus ya tks infonya rencana bali pastinya pantai kuta semoga sehat broother rejekinya sukses joo salam sukses jember,0.0,Netral
BxagwilBee0,@ham8049,basketball court deket situ dimana ya bang,2025-01-08T09:20:31Z,0,basketball court deket situ dimana ya bang,0.0,Netral
BxagwilBee0,@NovitaSari-qm8dl,Mungkin temen2 Ada yg punya pengalaman dr kuta ke tanah lot naik gocar? Apakah ada gocar ketanah lot?,2025-01-06T13:42:33Z,0,temen2 yg pengalaman dr kuta tanah lot gocar gocar ketanah lot,0.0,Netral
BxagwilBee0,@madesastrawan9360,SemangatğŸ‘,2025-01-05T11:44:05Z,0,semangat,0.0,Netral
BxagwilBee0,@khoyruddhen,Bgus,2025-01-04T13:12:37Z,0,bgus,0.0,Netral
BxagwilBee0,@khoyruddhen,Halo probolinggo hadir,2025-01-04T13:12:18Z,0,halo probolinggo hadir,0.0,Netral
BxagwilBee0,@susiloadi5739,Sayang pemerintahan bali tutup mata katanya tempat wisata mengapa banyak sampah dipantai buat apa bayar banyak pegawai dibanyak bidang cuma makan gaji kerja tidak mau malu kota pantainya kotor.,2024-12-31T04:29:26Z,0,sayang pemerintahan bali tutup mata wisata sampah dipantai bayar pegawai dibanyak bidang makan gaji kerja malu kota pantainya kotor,0.0,Netral
BxagwilBee0,@Edhy-hj9cd,"Pantai yg sangat menakutkan KUTA......
Kutakut kehilangan kamuğŸ˜˜",2024-12-21T07:37:11Z,0,pantai yg menakutkan kuta kutakut kehilangan,0.0,Netral
BxagwilBee0,@bamabraham3346,ya skrang udh bnyk perubahan ya dulu sy tahun 2010 kesini  msih bnyk sampah skrang udh mulai ok baik,2024-12-21T06:00:06Z,0,ya skrang udh bnyk perubahan ya sy 2010 kesini msih bnyk sampah skrang udh ok,0.5,Positif
BxagwilBee0,@YunhaMansyurabhu,Emang boleh kita sewa tempat jualan di pantai...??,2024-12-20T11:58:10Z,0,emang sewa jualan pantai,0.0,Netral
BxagwilBee0,@Farid_lanang,"Laut jawa memang ganas, pantai yang dulu paling cantik sekarang terancam.",2024-12-19T05:36:47Z,0,laut jawa ganas pantai cantik terancam,0.0,Netral
BxagwilBee0,@mohammadbillal8275,"Pantai Kuta tidak hanya keren, tapi bagi kami penuh kenangan indah tak terlupakan. Ingin sekali mengulang kenangan itu dalam waktu dekat nanti.",2024-12-18T06:56:59Z,0,pantai kuta keren penuh kenangan indah terlupakan mengulang kenangan,0.0,Netral
BxagwilBee0,@shining_sh,Pedagangnya terlalu crowded,2024-12-17T06:15:36Z,0,pedagangnya crowded,0.0,Netral
BxagwilBee0,@SupriyoPri,"Payung, Kursi, dan penjual jajan di pantai Kuta semoga laris.",2024-12-17T00:28:06Z,0,payung kursi penjual jajan pantai kuta semoga laris,0.0,Netral
BxagwilBee0,@TitikAmbarwati-yq7lz,Klo orang asing dilayani baik...klo orang Jawa biasa q pas beli es di sebelahnya tpi ad kursi q buat duduk q di usir pelit ...tpi ad yng ramah juga yng jualan ad yng pelit sombong,2024-12-16T18:00:40Z,0,klo orang asing dilayani baikklo orang jawa q pas beli es sebelahnya tpi ad kursi q duduk q usir pelit tpi ad yng ramah yng jualan ad yng pelit sombong,0.0,Netral
BxagwilBee0,@TitikAmbarwati-yq7lz,Yak allh q kesitu dua kli,2024-12-16T17:59:14Z,0,yak allh q kesitu kli,0.0,Netral
BxagwilBee0,@rohmathidayat541,Pantai kuta beach penuh kenangan indah sama keluarga kecil...suatu saat ingin ku ulang kemBALI ...Aamiin â¤ bali,2024-12-15T11:38:17Z,0,pantai kuta beach penuh kenangan indah keluarga kecilsuatu ku ulang aamiin bali,0.0,Netral
BxagwilBee0,@zariahmunthe5099,Mantap keren bgttt. â¤â¤â¤,2024-12-08T08:07:33Z,0,mantap keren bgttt,0.0,Netral
BxagwilBee0,@zariahmunthe5099,Mantap,2024-12-08T08:04:48Z,0,mantap,0.0,Netral
BxagwilBee0,@ronaldo2015,jadi pengen ke bali,2024-12-08T07:52:15Z,0,pengen bali,0.0,Netral
BxagwilBee0,@dwinurcahyo5760,Di Bali sangat eksotis dengan wisatanya,2024-12-08T07:39:04Z,0,bali eksotis wisatanya,0.0,Netral
BxagwilBee0,@AF.ART1,Pppp,2024-12-08T07:12:52Z,0,pppp,0.0,Netral
BxagwilBee0,@rozakuldawam,Mmtap,2024-12-08T07:09:10Z,0,mmtap,0.0,Netral
BxagwilBee0,@muhammadfarhan2502,TerbaikkkkkğŸ‘,2024-12-08T06:44:04Z,0,terbaikkkkk,0.0,Netral
BxagwilBee0,@AnggaMaulana-uh9is,Wow bagus bangeet pantai kuta,2024-12-08T06:41:44Z,0,wow bagus bangeet pantai kuta,0.1,Positif
BxagwilBee0,@massant5650,"Mantap
Konten yang bermanfaat",2024-12-08T05:34:29Z,0,mantap konten bermanfaat,0.0,Netral
BxagwilBee0,@marineminem,Otw pantai kutaâ¤,2024-12-08T04:45:49Z,0,otw pantai kuta,0.0,Netral
BxagwilBee0,@Yudha-i7m,mantapp kakakk videonya,2024-12-08T04:15:04Z,0,mantapp kakakk videonya,0.0,Netral
BxagwilBee0,@Opsional-c2k,Perfect,2024-12-08T04:05:01Z,0,perfect,1.0,Positif
BxagwilBee0,@budirahmi,Keren,2024-12-08T03:43:23Z,0,keren,0.0,Netral
BxagwilBee0,@Nengsadiah-f1i,Wihhh masyallah indahh sekaliâœ¨,2024-12-08T02:18:50Z,0,wihhh masyallah indahh,0.0,Netral
BxagwilBee0,@ndiadenn2871,Mantapppp pantai nya,2024-12-07T14:04:54Z,0,mantapppp pantai nya,0.0,Netral
BxagwilBee0,@irenanathania6875,pengen ke kuta jadinya ğŸ˜Œ,2024-12-07T13:21:48Z,0,pengen kuta,0.0,Netral
BxagwilBee0,@BenGenah,"Sejuk dan indahnya Kute Bali, 
Jadi pingin kesana lagi",2024-12-07T12:50:12Z,0,sejuk indahnya kute bali pingin kesana,0.0,Netral
BxagwilBee0,@purwanti8296,Kangen Bali. Bali luar biasa. ğŸ‰ğŸ‰,2024-12-07T12:30:11Z,0,kangen bali bali,0.0,Netral
BxagwilBee0,@BerteraSinarbakti,Bali tak akan pernah ku lupakan!,2024-12-07T12:26:34Z,0,bali ku lupakan,0.0,Netral
BxagwilBee0,@rmellodyva_,Jadi kangen datang ke bali lagi ğŸ˜»,2024-12-07T12:16:52Z,1,kangen bali,0.0,Netral
BxagwilBee0,@jonathanliemyoegie6985,Keren,2024-12-07T12:12:32Z,0,keren,0.0,Netral
BxagwilBee0,@ABUL_CASIS,Mantapp,2024-12-07T11:58:31Z,1,mantapp,0.0,Netral
BxagwilBee0,@AstyAnestya2709,Kuta bali memang tempat terbaik untuk berlibur,2024-12-07T11:39:47Z,0,kuta bali terbaik berlibur,0.0,Netral
BxagwilBee0,@sandiniajeng4170,Keren dan indahnyaağŸ˜Š,2024-12-07T11:24:25Z,0,keren indahnyaa,0.0,Netral
BxagwilBee0,@IwanPrasetyo-yk5zh,Wauuu mau kebali,2024-12-07T11:07:13Z,0,wauuu kebali,0.0,Netral
BxagwilBee0,@MuttaPratama-t8u,Seru banget konten nyağŸ˜Š,2024-12-07T10:50:22Z,1,seru banget konten nya,0.0,Netral
BxagwilBee0,@andimuallim2192,semakin bagus pantai kuta,2024-12-07T10:15:56Z,0,bagus pantai kuta,0.0,Netral
BxagwilBee0,@erzhanakhtar995,Mantap,2024-12-07T10:09:16Z,0,mantap,0.0,Netral
BxagwilBee0,@callmefelix,Terima kasih video nya bermanfaat,2024-12-07T09:58:20Z,0,terima kasih video nya bermanfaat,0.0,Netral
BxagwilBee0,@RofuHuda-d3f,Wonderful bali,2024-12-07T09:55:32Z,0,wonderful bali,1.0,Positif
BxagwilBee0,@RofuHuda-d3f,Wonderful bali,2024-12-07T09:55:09Z,0,wonderful bali,1.0,Positif
BxagwilBee0,@triannisalarassati613,mantapâ¤,2024-12-07T09:54:21Z,0,mantap,0.0,Netral
BxagwilBee0,@RofuHuda-d3f,Wonderful bali,2024-12-07T09:54:11Z,0,wonderful bali,1.0,Positif
BxagwilBee0,@RofuHuda-d3f,Pantai yang indah,2024-12-07T09:53:34Z,0,pantai indah,0.0,Netral
BxagwilBee0,@gentraseptasoma2189,Mudah mudahan bisa ke Bali....,2024-12-07T09:45:29Z,0,mudah mudahan bali,0.0,Netral
BxagwilBee0,@wirdachannel3528,Smoga suatu saat nanti bisa pergi ke Bali bareng keluarga kuğŸ˜¢ğŸ˜¢,2024-12-07T09:37:17Z,0,smoga pergi bali bareng keluarga ku,0.0,Netral
BxagwilBee0,@edisupriyanto6093,Bagus juga nih,2024-12-07T09:27:40Z,0,bagus nih,0.0,Netral
BxagwilBee0,@jumpsuite3901,Amazing,2024-12-07T09:25:16Z,0,amazing,0.6000000000000001,Positif
BxagwilBee0,@RaisyaNuraabidah,Bagus,2024-12-07T09:24:55Z,0,bagus,0.0,Netral
BxagwilBee0,@AlifIim,Bali memang indah sekali dari dulu,2024-12-07T09:20:39Z,0,bali indah,0.0,Netral
BxagwilBee0,@JfCell-hx5vq,Asik banget kayaknya,2024-12-07T09:14:29Z,0,asik banget kayaknya,0.0,Netral
BxagwilBee0,@raliafamily,Mudah2an bisa kesana...view nya okâ¤,2024-12-07T09:08:40Z,0,mudah2an kesanaview nya ok,0.5,Positif
BxagwilBee0,@inamarlina6915,Hebat kak lanjut kan,2024-12-07T09:04:56Z,0,hebat kak,0.0,Netral
BxagwilBee0,@ReySYChannel,"mantap kakak, semoga aku bisa kesana.",2024-12-07T08:57:41Z,0,mantap kakak semoga kesana,0.0,Netral
BxagwilBee0,@mamakheyra3355,Bagus banget acaranya,2024-12-07T08:55:25Z,0,bagus banget acaranya,0.0,Netral
BxagwilBee0,@saharaaa.a,bali daerah impian yg pgn dikunjungi banget,2024-12-07T08:51:27Z,0,bali daerah impian yg pgn dikunjungi banget,0.0,Netral
BxagwilBee0,@agusraspati7395,Ingin jalan-jalan kembali,2024-12-07T08:48:18Z,0,jalanjalan,0.0,Netral
BxagwilBee0,@LilisHariyati-y6h,"Kuta tambah oke aja, bali kerennya ga ada abisnya",2024-12-07T08:45:55Z,0,kuta oke aja bali kerennya ga abisnya,0.0,Netral
BxagwilBee0,@azerresa1710,Pemandanganya bagus.,2024-12-07T08:45:22Z,0,pemandanganya bagus,0.0,Netral
BxagwilBee0,@raraclmk8837,Bagus bngt,2024-12-07T08:45:09Z,0,bagus bngt,0.0,Netral
BxagwilBee0,@alexanderjlamprongs.8041,"Sepanjang kuta sekarang rame dr ""pag""i nya Bule ğŸ˜…. Masih menarik",2024-12-07T08:43:49Z,0,kuta rame dr pagi nya bule menarik,0.0,Netral
BxagwilBee0,@hildanovianti2372,Bagus sekali pantainya,2024-12-07T08:40:01Z,0,bagus pantainya,0.0,Netral
BxagwilBee0,@wendyputra9716,Mantap,2024-12-07T08:25:23Z,0,mantap,0.0,Netral
BxagwilBee0,@kanaoedogawa,Bagus ğŸ‘ğŸ‘,2024-12-07T07:46:24Z,0,bagus,0.0,Netral
BxagwilBee0,@DeriP-s7s,Semoga bisa liburan juga seperti ini ğŸ™,2024-12-07T07:38:16Z,0,semoga liburan,0.0,Netral
BxagwilBee0,@renitakurniawi3199,Mantap,2024-12-07T07:31:28Z,0,mantap,0.0,Netral
BxagwilBee0,@ahmadshobar,Mantap semoga makin banyak subscribe,2024-12-07T07:18:33Z,0,mantap semoga subscribe,0.0,Netral
BxagwilBee0,@febrianto2119,"jadi lebih tau kalo mau liburan ke bali, thanks infonya kak",2024-12-07T07:16:46Z,0,tau kalo liburan bali thanks infonya kak,0.2,Positif
BxagwilBee0,@thomasmanuely7280,Pengen kesana jadinya,2024-12-07T07:11:26Z,0,pengen kesana,0.0,Netral
BxagwilBee0,@arksurvival-g9h,sangat informatif sekali videonya,2024-12-07T07:04:18Z,0,informatif videonya,0.0,Netral
BxagwilBee0,@arksurvival-g9h,sangat informatif videonya,2024-12-07T07:03:50Z,0,informatif videonya,0.0,Netral
BxagwilBee0,@naniksetiawati4662,Keren bnget kapan bisa kesana ya ğŸ˜Š,2024-12-07T07:02:34Z,0,keren bnget kesana ya,0.0,Netral
BxagwilBee0,@dzick0312,Indah banget,2024-12-07T07:02:24Z,0,indah banget,0.0,Netral
BxagwilBee0,@muhammadbukhairah4537,Mamtap sekali pemandangannya,2024-12-07T06:55:33Z,0,mamtap pemandangannya,0.0,Netral
BxagwilBee0,@BencoolenPapua,Bali keren,2024-12-07T06:54:04Z,0,bali keren,0.0,Netral
BxagwilBee0,@Raven8888-o7z,ğŸ‘ğŸ‘,2024-12-07T06:52:38Z,0,,0.0,Netral
BxagwilBee0,@KheryVape,Wonderfull,2024-12-07T06:28:35Z,0,wonderfull,0.0,Netral
BxagwilBee0,@rayjibhaeriyawanazhar7958,STAKE 1 MANTAP,2024-12-07T06:19:11Z,0,stake 1 mantap,0.0,Netral
BxagwilBee0,@broerderschap,Sangat recommended dan membantu,2024-12-07T06:09:56Z,0,recommended membantu,0.0,Netral
BxagwilBee0,@duniaanakanak592,Bali yg sangat indah,2024-12-07T06:02:35Z,0,bali yg indah,0.0,Netral
BxagwilBee0,@diandrasiswanto9432,Bagus,2024-12-07T05:51:06Z,0,bagus,0.0,Netral
BxagwilBee0,@rifki2612,bagus nih,2024-12-07T05:45:13Z,0,bagus nih,0.0,Netral
BxagwilBee0,@martinpandohop16,cukup membantu buat yang lagi pengen libaran ke bali,2024-12-07T05:42:37Z,1,membantu pengen libaran bali,0.0,Netral
BxagwilBee0,@wongslam01,Semakin keren pantai Kuta ya.jendela Indonesia untuk dunia â¤,2024-12-07T05:41:17Z,0,keren pantai kuta yajendela indonesia dunia,0.0,Netral
BxagwilBee0,@sangkumara9936,"Cukup lihat video kuta,gak perlu ke bali",2024-12-07T05:37:24Z,0,lihat video kutagak bali,0.0,Netral
BxagwilBee0,@andrisaputra2489,Keren,2024-12-07T05:29:06Z,0,keren,0.0,Netral
BxagwilBee0,@ipulbahriasep,Keren bgt,2024-12-07T05:24:39Z,0,keren bgt,0.0,Netral
BxagwilBee0,@varian66,Mantap,2024-12-07T05:18:56Z,0,mantap,0.0,Netral
BxagwilBee0,@sepurpandalungan,bali â¤,2024-12-07T04:45:24Z,0,bali,0.0,Netral
BxagwilBee0,@AdityaxDreview,Semangat kak ngontennya,2024-12-07T04:36:18Z,0,semangat kak ngontennya,0.0,Netral
BxagwilBee0,@tukangpotret88,Baik sekali,2024-12-07T04:26:37Z,0,,0.0,Netral
BxagwilBee0,@rizafebriya1971,Amazing,2024-12-07T04:26:30Z,1,amazing,0.6000000000000001,Positif
BxagwilBee0,@calystaandini880,Mantapp pantainya wisata terbaik,2024-12-07T03:50:57Z,0,mantapp pantainya wisata terbaik,0.0,Netral
BxagwilBee0,@oiysffansofficial2720,Keren sekaliâ¤,2024-12-07T03:27:13Z,0,keren,0.0,Netral
BxagwilBee0,@-ArvinAlfariziKurniawan,Mantap,2024-12-07T03:23:03Z,0,mantap,0.0,Netral
BxagwilBee0,@sekumpulandua6114,Jadi pengen main2 kesana deh,2024-12-07T03:15:55Z,0,pengen main2 kesana deh,0.0,Netral
BxagwilBee0,@savicmars,Jadi pengen ke bali nih,2024-12-07T02:34:24Z,0,pengen bali nih,0.0,Netral
BxagwilBee0,@taufikbudiman7704,Bli tolong buat video kondisi pasar seni ubud yang kondisinya sangat memprihatinkan karena tdk ada listrik sejak kejadian kebakaran agustus lalu. Mereka tdk bisa jualan sampai sore karena gelap. Juga wc tdk bisa digunakan karena gelap dan tdk ada air. Supaya diviralkan dan menjadi perhatian pemerintah daerah maupun pusat.,2024-12-07T01:24:51Z,0,bli tolong video kondisi pasar seni ubud kondisinya memprihatinkan tdk listrik kejadian kebakaran agustus tdk jualan sore gelap wc tdk gelap tdk air diviralkan perhatian pemerintah daerah pusat,0.0,Netral
BxagwilBee0,@FerryRyadi,"Salam kenal bli..
Bagaimana cuaca di sana ,, apa sudah mulai musim hujan kah..",2024-12-04T04:45:17Z,0,salam kenal bli cuaca musim hujan kah,0.0,Netral
BxagwilBee0,@zeezeebali8659,woww aku jadi mau ke bali lagi udh lamah gk ke bali lagi â˜ºï¸â˜ºï¸â˜ºï¸,2024-12-03T10:22:53Z,0,woww bali udh lamah gk bali,0.0,Netral
BxagwilBee0,@rinahariani7393,"Jadi saya bertanya kepada Dajjal bahwa â€œApa yang akan terjadi dengan itu, suatu hari kita semua akan mati dan Anda tidak akan pernah berhasil dalam tujuan Anda dan Anda harus mati suatu hari juga, Tuhan saya dan Anda adalah satu Allah Tuhan semua. dunia.'' #MuhammadQasimDreams https://youtu.be/vXbbg3VDN-A",2024-12-02T05:53:30Z,0,dajjal mati berhasil tujuan mati tuhan allah tuhan dunia muhammadqasimdreams httpsyoutubevxbbg3vdna,0.0,Netral
BxagwilBee0,@LisaA17k,Keren banget pantainya. Bersih pun,2024-12-02T04:57:46Z,0,keren banget pantainya bersih,0.0,Netral
BxagwilBee0,@shantiprameswari1619,Makasi inponya kakkkk..,2024-12-02T04:47:55Z,0,makasi inponya kakkkk,0.0,Netral
BxagwilBee0,@Ryanxx2PHO,Wahh,2024-12-02T03:54:38Z,0,wahh,0.0,Netral
BxagwilBee0,@witrimutia8058,Keren kalau bisa ke Bali.,2024-12-02T02:42:10Z,0,keren bali,0.0,Netral
BxagwilBee0,@Ellybar.10_bali,Elly barğŸ˜‚ğŸ˜‚â¤,2024-12-01T17:00:39Z,1,elly bar,0.0,Netral
BxagwilBee0,@rifqipurnomo7882,"tempat yang keren, semoga segera bisa kesana",2024-12-01T12:02:22Z,0,keren semoga kesana,0.0,Netral
BxagwilBee0,@etinharyati472,Kereen banget,2024-12-01T10:05:43Z,0,kereen banget,0.0,Netral
BxagwilBee0,@tuturpras8673,Wow tempat yg indah,2024-12-01T10:00:30Z,0,wow yg indah,0.1,Positif
BxagwilBee0,@budipriyanto7659,"Joo itu pantai kuta yg sebelah mana yaa, ato yg depan beachwalk kah , jln apa yaa",2024-12-01T09:50:14Z,0,joo pantai kuta yg sebelah yaa ato yg beachwalk kah jln yaa,0.0,Netral
BxagwilBee0,@nurmuttaqin-f8d,Bagus bgt pantainya,2024-12-01T09:01:58Z,0,bagus bgt pantainya,0.0,Netral
BxagwilBee0,@TriAtmojo-gw8uj,ğŸ‘ğŸ»,2024-12-01T07:49:26Z,0,,0.0,Netral
BxagwilBee0,@bapak2gaming2,Mntab,2024-12-01T07:43:23Z,0,mntab,0.0,Netral
BxagwilBee0,@parti4962,Semoga lekas pulih dr stroke pingin kesini LG,2024-12-01T07:38:06Z,0,semoga lekas pulih dr stroke pingin kesini lg,0.0,Netral
BxagwilBee0,@mzofficial2506,Konten bermanfaat,2024-12-01T07:08:18Z,0,konten bermanfaat,0.0,Netral
BxagwilBee0,@infodunia8793,salam damai,2024-12-01T03:37:41Z,0,salam damai,0.0,Netral
BxagwilBee0,@maryamcantv7661,Bagus rekomed,2024-12-01T02:29:55Z,0,bagus rekomed,0.0,Netral
BxagwilBee0,@dhikaary8208,mantap,2024-11-30T12:29:02Z,0,mantap,0.0,Netral
BxagwilBee0,@Dewa_Lembu,Bagus,2024-11-30T11:17:39Z,0,bagus,0.0,Netral
BxagwilBee0,@karinaawitri3345,Keren baliğŸ‰,2024-11-30T10:57:21Z,0,keren bali,0.0,Netral
BxagwilBee0,@eggyprayoga8936,"Mantap pantainya, semoga bisa jalanÂ² ke Bali dalam waktu dekat",2024-11-30T10:41:57Z,0,mantap pantainya semoga jalanÂ² bali,0.0,Netral
BxagwilBee0,@ainunwahyu28,Baik,2024-11-30T09:23:50Z,0,,0.0,Netral
BxagwilBee0,@Kanaya9222,Sangat indah bali,2024-11-30T08:36:09Z,0,indah bali,0.0,Netral
BxagwilBee0,@darafajarna3437,Mantapp kali kuta baliiğŸ˜,2024-11-30T08:29:30Z,0,mantapp kali kuta balii,0.0,Netral
BxagwilBee0,@KhabibahLutfi,Mantep banget kute bali,2024-11-30T07:38:22Z,0,mantep banget kute bali,0.0,Netral
BxagwilBee0,@dannycin7238,Bagus,2024-11-30T07:24:09Z,0,bagus,0.0,Netral
BxagwilBee0,@sayangnia,Pemandangan yg sangat indah,2024-11-30T07:23:37Z,0,pemandangan yg indah,0.0,Netral
BxagwilBee0,@kangsur4772,Pengen rasanya ke bali,2024-11-30T06:51:51Z,0,pengen bali,0.0,Netral
BxagwilBee0,@masy2464,very good,2024-11-30T06:34:21Z,0,very good,0.9099999999999999,Positif
BxagwilBee0,@ferozzhumba2960,Keren pantainya,2024-11-30T05:03:02Z,0,keren pantainya,0.0,Netral
BxagwilBee0,@RandiPratama-y4r,Mantapp bli pantai nya bersih suaanaa nya tenang dan damai semoga tahun besok bisa jalan' kesana sama keluarga sukses selaluâ¤,2024-11-30T04:55:34Z,0,mantapp bli pantai nya bersih suaanaa nya tenang damai semoga besok jalan kesana keluarga sukses,0.0,Netral
BxagwilBee0,@EricksonSaidui,Keren sekali,2024-11-30T04:54:17Z,0,keren,0.0,Netral
BxagwilBee0,@budisantoso9669,Pulau Bali Indah,2024-11-30T02:51:51Z,0,pulau bali indah,0.0,Netral
BxagwilBee0,@LianaAnggraeni-s5k,Waawwww keren banget.. bakalan jadi tempat favorit nihhh,2024-11-30T02:49:36Z,0,waawwww keren banget favorit nihhh,0.0,Netral
BxagwilBee0,@fahryanfigo7517,Duhh pengen bgt ke bali tapi ama siapa ya,2024-11-29T11:38:12Z,0,duhh pengen bgt bali ama ya,0.0,Netral
BxagwilBee0,@mitharisa-cp1vo,pemandangan yang indah,2024-11-29T10:56:55Z,0,pemandangan indah,0.0,Netral
BxagwilBee0,@herifilm2096,Sangat menginspirasi abangku,2024-11-29T10:47:21Z,0,menginspirasi abangku,0.0,Netral
BxagwilBee0,@putrasemarang8967,"Pantai yg indah, pengen kesana tapi takut nyebrang jg belum bisa ğŸ˜",2024-11-29T09:06:36Z,0,pantai yg indah pengen kesana takut nyebrang jg,0.0,Netral
BxagwilBee0,@Gurumuda92,Sangat nyaman dan bagus,2024-11-29T07:05:16Z,0,nyaman bagus,0.0,Netral
BxagwilBee0,@denirusmila7376,"Tempat yang bagus,,saya ingin berkunjung ke sana",2024-11-29T06:49:44Z,0,bagussaya berkunjung,0.0,Netral
BxagwilBee0,@desi9729,Tempat yang indah,2024-11-29T05:15:57Z,0,indah,0.0,Netral
BxagwilBee0,@rikifauzi1711,Ngiler sih pengen ke bali top tempat paling kerem tempat wisata di indonesia,2024-11-29T04:08:47Z,0,ngiler sih pengen bali top kerem wisata indonesia,0.5,Positif
BxagwilBee0,@dennissyahputra1158,"Ingin sekali ke Bali. Belum pernah kesana. 
Ayo semangat cari cuan agar bs kesana",2024-11-29T03:48:28Z,0,bali kesana ayo semangat cari cuan bs kesana,0.0,Netral
BxagwilBee0,@Ruanglagu.,"lombok tmpt destinasi wisata yg tdk kalah estetik ğŸ˜€,Tp knp ingin rasanya brkunjung ke bali menikmati wisatanya juga,.tdk prnh kesampaianğŸ˜¢",2024-11-28T14:46:06Z,0,lombok tmpt destinasi wisata yg tdk kalah estetik tp knp brkunjung bali menikmati wisatanya jugatdk prnh,0.0,Netral
BxagwilBee0,@Anikaellis443,"Baru pulang dari bali.meski ada beberapa rencana yg tidak terlaksana,tapi tetap dapat momen yg menyenangkan bersama keluarga.cuma sedikit saran untuk warga bali/ pecinta hewan,mungkin bisa di setiap 200 meter atau dekat toilet juga di sediakan tempat air minum untuk para anak bulu,kasian ku lihat banyak anjing yg terlihat kehausanâ€¦ğŸ¥²",2024-11-28T12:14:43Z,0,pulang balimeski rencana yg terlaksanatapi momen yg menyenangkan keluargacuma saran warga bali pecinta hewanmungkin 200 meter toilet sediakan air minum anak bulukasian ku lihat anjing yg kehausan,-0.03333333333333333,Negatif
BxagwilBee0,@MSaepudin-v2t,Bagus sekali pantai nya,2024-11-28T10:44:59Z,0,bagus pantai nya,0.0,Netral
BxagwilBee0,@DwiPrasetiyo-r9y,Bagus pantai nya,2024-11-28T09:49:56Z,0,bagus pantai nya,0.0,Netral
BxagwilBee0,@LisnaWati-mc2hl,Debest,2024-11-28T07:36:24Z,0,debest,0.0,Netral
BxagwilBee0,@muhammadrinaldi9396,Bagus sekali pantai ny,2024-11-28T04:42:31Z,0,bagus pantai ny,0.0,Netral
BxagwilBee0,@abduladiyanto8033,"Kuta bali, jadi tempat wisata turis luar negeri untuk melihat keindahan bali, ayo kita jaga pantai Kuta balik, untuk melestarikan pantai kita",2024-11-28T02:36:54Z,0,kuta bali wisata turis negeri keindahan bali ayo jaga pantai kuta melestarikan pantai,0.0,Netral
BxagwilBee0,@C3C3PB,"https://youtu.be/T9a_foRLm8s?si=u5up2b9lfYr_oAyY

Perantau dari bali hidup di tengah hutan kalimantan Barat",2024-11-27T16:29:28Z,0,httpsyoutubet9a_forlm8ssiu5up2b9lfyr_oayy perantau bali hidup hutan kalimantan barat,0.0,Netral
BxagwilBee0,@Dollomits1305,Nice pantai,2024-11-27T14:00:20Z,0,nice pantai,0.6,Positif
BxagwilBee0,@bayuputrapratama89,Keren,2024-11-27T13:18:11Z,0,keren,0.0,Netral
BxagwilBee0,@Kelas2345,Nice banget,2024-11-27T10:39:41Z,0,nice banget,0.6,Positif
BxagwilBee0,@selenavaswani5951,"Wow, jadi kangen ke Bali!",2024-11-27T10:22:43Z,0,wow kangen bali,0.1,Positif
BxagwilBee0,@anggunlestari7334,Pasti seru liburan kesanağŸ‰ğŸ‰,2024-11-27T09:35:58Z,0,seru liburan kesana,0.0,Netral
BxagwilBee0,@kienz_azzahra,Bali memang jadi surga dunia yg ada di nusantara,2024-11-27T07:24:41Z,0,bali surga dunia yg nusantara,0.0,Netral
BxagwilBee0,@abdubmudznib06,Indah pemandangannya,2024-11-27T05:54:34Z,0,indah pemandangannya,0.0,Netral
BxagwilBee0,@RachellGisela,Mantap Kuta Bali memang terbaik â¤,2024-11-27T05:43:29Z,0,mantap kuta bali terbaik,0.0,Netral
BxagwilBee0,@robinmageth7376,Mantap... Keren,2024-11-27T05:33:03Z,0,mantap keren,0.0,Netral
BxagwilBee0,@adeseptian_0265,Good,2024-11-27T05:24:25Z,0,good,0.7,Positif
BxagwilBee0,@AraKoswara-t8n,Mantap kaka Kuta bali,2024-11-27T05:14:14Z,0,mantap kaka kuta bali,0.0,Netral
BxagwilBee0,@RurieNFajri,Next trip kesini â¤,2024-11-27T04:57:26Z,0,next trip kesini,0.0,Netral
BxagwilBee0,@elokkartiko1917,Kerennn ya bali sekarang,2024-11-27T03:58:47Z,0,kerennn ya bali,0.0,Netral
BxagwilBee0,@GusTour,keren sih Bli Joo cuap cuapnya ada infonya juga muantaplah gasspooll,2024-11-27T03:42:44Z,0,keren sih bli joo cuap cuapnya infonya muantaplah gasspooll,0.0,Netral
BxagwilBee0,@kanganamchanel1186,Jooos,2024-11-27T03:22:47Z,0,jooos,0.0,Netral
BxagwilBee0,@AnggaAstl,Kota yang di impikan wiisatanyaâ¤â¤ğŸ‰ğŸ‰,2024-11-27T02:48:22Z,0,kota impikan wiisatanya,0.0,Netral
BxagwilBee0,@irchammaulana4928,Pantai kuta ini gak ada rencana di tambahin pasir lagi kah?,2024-11-26T21:53:55Z,0,pantai kuta gak rencana tambahin pasir kah,0.0,Netral
BxagwilBee0,@allofabout7064,"Ah semakin gak jelas pelayanan akomodasi di Bali. Saya pesan hotel sebulan sebelumnya, dan sudah pesan nomor kamar yang diinginkan, dan saya sudah wanti2 jangan pas hari H saya disana, lalu kamarnya dipindahkan, dan hotel tersebut memastikan tidak akan terjadi (karena sebelumnya saya mengalami hal yang sama). Eh pas 2 hari menjelang, saya diinformasikan bahwa kamar tersebut tidak bisa digunakan karena ada yang menginap di kamar tersebut. Lah emangnya saya di kamar tersebut mau ngapain? mau maen bola? Kacau bener pelayanannya. Nama penginapan/akomodasinya EASYSURF yang ada di Kuta.

Padahal saat pandemi, selalu saya tinggal disana, di saat akomodasi lain sepi. Dan setiap relasi menanyakan lokasi yang pas di Kuta, saya promokan EASYSURF ini. Namun setelah Bali kembali normal, prilaku sewenang-wenang kembali terjadi.",2024-11-26T20:50:19Z,0,ah gak pelayanan akomodasi bali pesan hotel sebulan pesan nomor kamar wanti2 pas h disana kamarnya dipindahkan hotel mengalami eh pas 2 menjelang diinformasikan kamar menginap kamar emangnya kamar ngapain maen bola kacau bener pelayanannya nama penginapanakomodasinya easysurf kuta pandemi tinggal disana akomodasi sepi relasi lokasi pas kuta promokan easysurf bali normal prilaku sewenangwenang,0.15,Positif
BxagwilBee0,@JeanLouisDan,Very Nice share,2024-11-26T14:23:53Z,0,very nice share,0.78,Positif
BxagwilBee0,@indrawinata3791,Sangat kreatif,2024-11-26T13:06:06Z,0,kreatif,0.0,Netral
BxagwilBee0,@aniksuryanis.pd.2218,Kuta Bali selalu ngangeni. Suasana yg khas dan pilihan destinasi yg banyak bikin sll ingin kembali.,2024-11-26T11:56:04Z,0,kuta bali ngangeni suasana yg khas pilihan destinasi yg bikin sll,0.0,Netral
_XabX6yJY3A,@antolukita7978,"saya sangat setuju dengan pemikiran Bli Joo Update, sangat sedih melihat pantai kuta seperti ini, Sejak muda saya cukup sering ke Bali untuk Liburan bersama keluarga, dan setiap kali melihat pantai kuta seperti ini, saya sangat sedih dan pingin nangis rasanya, sangat urgent perlu perhatian dari pemerintah daerah dan pemerintah pusat untuk membuat pemecah ombak , reklamasi, dan lainnya untuk mengembalikan pantai kuta seperti masa-masa jayanya, semoga pantai kuta bisa diselamatkan, amin ğŸ™",2025-03-12T16:30:59Z,1,setuju pemikiran bli joo update sedih pantai kuta muda bali liburan keluarga kali pantai kuta sedih pingin nangis urgent perhatian pemerintah daerah pemerintah pusat pemecah ombak reklamasi mengembalikan pantai kuta masamasa jayanya semoga pantai kuta diselamatkan amin,0.0,Netral
_XabX6yJY3A,@alexanderronaldo7529,Terakhir ke Bali 2008 masih bagus lho,2025-04-03T11:25:54Z,1,bali 2008 bagus lho,0.0,Netral
_XabX6yJY3A,@meitykarundeng3348,"Bali Sanur Kuta kenangan bangett 1986-1989 â¤
Indah bersih asri",2025-03-22T13:42:28Z,0,bali sanur kuta kenangan bangett 19861989 indah bersih asri,0.0,Netral
_XabX6yJY3A,@MasaKini-c4h,"Bagai mana kalian melihat tubuh yang indah ini ,menurut pandangan orang banyak ğŸ¤£ğŸ¤£ğŸ¤£ğŸ¤£ğŸ¤£ğŸ¤£ğŸ¤£ğŸ¤£",2025-03-09T13:13:40Z,0,tubuh indah pandangan orang,0.0,Netral
_XabX6yJY3A,@pretty12139,"Bali yang malangğŸ˜¢
Di mana baliku yang dulu,
Yang asri,adem,aman nyamanğŸ˜¢
Bali hilang karena uang, 
Terlalu banyak nya penduduk baru yg membuat bali penuh,kumuh,kotor, bangunan di mana2,macetnya gilağŸ˜¢,
Kepala daerah bali ayolah jgn rusak bali dgn uangğŸ˜¢
Kasian kita juga rakyat bali, yg banyak kehilangan mata pekerjaan semua di kuasai oleh para pendatang ğŸ˜¢",2025-03-02T01:16:41Z,0,bali malang baliku asriademaman nyaman bali hilang uang nya penduduk yg bali penuhkumuhkotor bangunan mana2macetnya gila kepala daerah bali ayolah jgn rusak bali dgn uang kasian rakyat bali yg kehilangan mata pekerjaan kuasai pendatang,0.0,Netral
_XabX6yJY3A,@eni1854,Bnyk orng semi telanjang bahkan nyaris telanjang,2025-03-01T07:06:40Z,0,bnyk orng semi telanjang telanjang,0.0,Netral
_XabX6yJY3A,@DidiAchmadi-e5g,"Pantai Kuta Tinggal Kenangan, Bye Bye Kuta . . . . .Many Memories  . . . .",2025-03-01T00:08:52Z,0,pantai kuta tinggal kenangan bye bye kuta many memories,0.5,Positif
_XabX6yJY3A,@fitriarca3291,"KUTA TERLALU BNYK PEDAGANG LIAR, UDAH GITU MAKSA PULA, DI TEROR TERUS",2025-02-25T00:16:36Z,0,kuta bnyk pedagang liar udah gitu maksa teror,0.0,Netral
_XabX6yJY3A,@henrysetyawan-hy8zc,Pantai kuta bali pernah kukunjungi 1990an banyak turis asingnya pasir putihnya menjorok kelaut penuh kenangan!!! Koq sekarang kelihatannya kumuh.,2025-02-24T22:52:15Z,2,pantai kuta bali kukunjungi 1990an turis asingnya pasir putihnya menjorok kelaut penuh kenangan koq kumuh,0.0,Netral
_XabX6yJY3A,@trikarunoputro1700,sekarang bayak cewek2 pakai bikini jalan2 dgn bebasnya di Kuta area.,2025-02-24T11:29:06Z,0,bayak cewek2 pakai bikini jalan2 dgn bebasnya kuta area,0.0,Netral
_XabX6yJY3A,@MuhammadIlham-q8f,Padahal dulunya pantai yang sangat indah .. terlalu banyak kenangan yg Susa di lupakan ğŸ˜¢,2025-02-22T16:48:16Z,2,dulunya pantai indah kenangan yg susa lupakan,0.0,Netral
_XabX6yJY3A,@Kamtocahndeso-d7t,"Wah gawat orang Indonesia jangan berwisata ke bali , hukumnya haram entar anda di tuduh kafir , biar aman lebih baik berwisata ke Arap Saudi seperti jama'ah haji dapat pahala dan kalau mati masuk surga , biar kota bali di datangi wisatawan luar negri aja ,  entar jika ada bom teroris anda gak mati sia sia ,  nanti bisa masuk neraka kata ustadz atau kata kiyai ,",2025-02-22T14:43:56Z,0,gawat orang indonesia berwisata bali hukumnya haram entar tuduh kafir biar aman berwisata arap saudi jamaah haji pahala mati masuk surga biar kota bali datangi wisatawan negri aja entar bom teroris gak mati sia sia masuk neraka ustadz kiyai,0.0,Netral
_XabX6yJY3A,@mam0174,Dulu sekali malah di pantai kuta masih banyak perahu jukung nelayan parkir,2025-02-21T08:38:06Z,1,pantai kuta perahu jukung nelayan parkir,0.0,Netral
_XabX6yJY3A,@jonirizal4036,Kuta sdh tdk menarik lagi ...pantainya kotor tdk terawat,2025-02-20T08:30:42Z,0,kuta sdh tdk menarik pantainya kotor tdk terawat,0.0,Netral
_XabX6yJY3A,@jamanklasik6934,Bali master plan nya..... sangat buruk .. mungkin nggak punya kali wkwkwk.... bilangnya dulu ajeg bali... jadinya jeblog bali wkwkwk,2025-02-18T08:28:40Z,0,bali master plan nya buruk nggak kali wkwkwk bilangnya ajeg bali jeblog bali wkwkwk,0.0,Netral
_XabX6yJY3A,@apakansaja8505,"*Its no difference than Pattaya, Thailand.... You see one you see all... ğŸ˜‚ğŸ˜‚ğŸ˜‚*",2025-02-16T06:37:31Z,0,its no difference than pattaya thailand you see one you see all,0.0,Netral
_XabX6yJY3A,@rolfrijkschroefff2457,10 tahun lagi kuta sudah hilang,2025-02-15T14:14:13Z,0,10 kuta hilang,0.0,Netral
_XabX6yJY3A,@ravenyuta1974,Sedih bgt belum bs ke Bali lg sejak 2012 gara2 mslh keuangan.. juga tiket jkt bali lbh mahal dr jkt singapur.. aneh,2025-02-13T11:01:49Z,1,sedih bgt bs bali lg 2012 gara2 mslh keuangan tiket jkt bali lbh mahal dr jkt singapur aneh,0.0,Netral
_XabX6yJY3A,@dodiseptico,Wahh sepi ...mampus ...wisman pada banded bali ..wisman pada pergi ke japan ..thailand ...dll ...bali tinggal kenangan ...mampus ğŸ˜‚ğŸ˜‚ğŸ˜‚ğŸ˜‚,2025-02-10T18:24:13Z,0,wahh sepi mampus wisman banded bali wisman pergi japan thailand dll bali tinggal kenangan mampus,0.0,Netral
_XabX6yJY3A,@OrizaSativa-r3o,Paradise Island for MAKSIAT.,2025-02-10T09:16:34Z,0,paradise island for maksiat,0.0,Netral
_XabX6yJY3A,@ulwachyudialhabsyi,"Aku sudah lama meninggalkan Kuta Bali dulu Pantainya masih luas dan rimbun dengan pohonâ€œ pandan â€¦.. tapi sekarang berubah dratis termakan Air lautâ€¦.
Sudah 35 tahun aku meninggalkan Bali untuk menetap di Swiss. Dulu aku sering duduk dipantai makan nasi Goreng dibibir pantaiâ€¦. Mungkin kalau sekarang makan nasi Goreng dibibir pantai pasti di makan Air laut.",2025-02-09T20:11:48Z,0,meninggalkan kuta bali pantainya luas rimbun pohon pandan berubah dratis termakan air laut 35 meninggalkan bali menetap swiss duduk dipantai makan nasi goreng dibibir pantai makan nasi goreng dibibir pantai makan air laut,0.0,Netral
_XabX6yJY3A,@ngadiyatnolurah5916,Aku tgl 19 januari 2025 juga jalan jalan malam di kuta. Sayang hujan. Jam 21.00 sudah sepii,2025-02-08T04:37:10Z,1,tgl 19 januari 2025 jalan jalan malam kuta sayang hujan jam 2100 sepii,0.0,Netral
_XabX6yJY3A,@EricSatria15,k Bali sore2 ngkrong d Kuta aj udah seneng,2025-02-06T17:12:34Z,0,k bali sore2 ngkrong d kuta aj udah seneng,0.0,Netral
_XabX6yJY3A,@achmadzidannn,dabyang ngerantau dri jkarta kebali kerja ga klau ada chat sya dong pen nyari tmen buat nongkrong dan ngopi ga ada siapa siapa sya di.baliğŸ˜¢,2025-02-05T14:46:18Z,0,dabyang ngerantau dri jkarta kebali kerja ga klau chat sya pen nyari tmen nongkrong ngopi ga sya dibali,0.0,Netral
_XabX6yJY3A,@Siswandoyo24,Hadir...gasspoll...ğŸš˜ğŸš˜ğŸš˜,2025-02-05T14:36:06Z,0,hadirgasspoll,0.0,Netral
_XabX6yJY3A,@toemo-v7e,"Mas jo... Kemaren pas tanggal merah kita ke bali 5 hari... Pas ke pantai kuta banyak sekali sampah di sisi trotoar, di  pinggir pantai... Gak seperti dulu ... Gak nyaman jadinya...",2025-02-04T18:00:41Z,0,mas jo kemaren pas tanggal merah bali 5 pas pantai kuta sampah sisi trotoar pinggir pantai gak gak nyaman,0.0,Netral
_XabX6yJY3A,@ArifRahman-nn9ku,Kuta skrg kumuh dgn banyaknya bangunan2 warung ditepi pantai,2025-02-04T13:24:48Z,0,kuta skrg kumuh dgn banyaknya bangunan2 warung ditepi pantai,0.0,Netral
_XabX6yJY3A,@richietunggal1671,"Mengapa perasaan saat dulu masih bisa berlibur bolak balik bersama keluarga tahun 2000 an, perasaan hidup saat itu selalu terasa lebih bahagia tanpa beban hidup ketimbang hidup di saat sekarang ini. Apakah ini hanya suatu perasaan  ??? ğŸ˜Š",2025-02-03T13:42:35Z,0,perasaan berlibur bolak keluarga 2000 an perasaan hidup bahagia beban hidup ketimbang hidup perasaan,0.0,Netral
_XabX6yJY3A,@richietunggal1671,"Dulu saat bolak balik bersama keluarga... BeachMall ini baru mulai dibuka, masih banyak los/ gerai  yang belum siap pakai. Bali oh Bali... Bsnyak kenangan mu ğŸ˜¢",2025-02-03T13:39:24Z,0,bolak keluarga beachmall dibuka los gerai pakai bali oh bali bsnyak kenangan mu,0.0,Netral
_XabX6yJY3A,@richietunggal1671,"Terimakasih pak atas liputannya. Kalau dikenang tak ada habisnya kesan Bali ini... Betapa tidak, dari masa muda... dari masa susah sampai senang ada kisahnya disini. Ada perasaan gembira ada pula perasaan sedih ğŸ˜…",2025-02-03T13:25:51Z,5,terimakasih liputannya dikenang habisnya kesan bali betapa muda susah senang kisahnya perasaan gembira perasaan sedih,0.0,Netral
_XabX6yJY3A,@jellepanvillas2252,Terkahir kesna 2015 itu pun menurut ku udh kotor bgt...tp skg lebih parahğŸ˜¢,2025-02-03T12:08:32Z,1,terkahir kesna 2015 ku udh kotor bgttp skg parah,0.0,Netral
_XabX6yJY3A,@marthinsianipar776,"Setuju beli  joo, pantai kuta sekarang kotor sekali. Sy 2 minggu yg lalu dari sana. Menurut sy,  P Melasti lebih baik. 
Mungkin benar harus perhatian khusus dari pemda setempat. 
1. Kebersihan harus di utamakan agar kenyamana dan keindahan tetap lestari dan terjaga.
2. Khusus buat turis2 yg ada disana, harus ada penanganan khusus terutama yg over stay.
3. Kemacetan yg luar biasa, padahal belum hari libur.
Semoga ada perubahan yang berarti. Salam sehat.ğŸ™ğŸ»",2025-02-02T13:23:46Z,0,setuju beli joo pantai kuta kotor sy 2 minggu yg sy p melasti perhatian khusus pemda 1 kebersihan utamakan kenyamana keindahan lestari terjaga 2 khusus turis2 yg disana penanganan khusus yg over stay 3 kemacetan yg libur semoga perubahan salam sehat,0.0,Netral
_XabX6yJY3A,@faizal0208,"Kemarin 26 s.d 28 Januari 2025 sy liburan keluarga dimana Hotelnya area pantai Kuta..pas mulai masuk ke jalan pantai kuta belokan Hotel Truntum tidak ada lampu Penerangan PJU sehingga gelap dan bibir pantainya mulai abrasi tergerus ombak laut...klo untuk pusat keramaian di beachwalk, resto & lainnya masih tetap hingar bingar musik jedag jedug ramai",2025-02-02T08:19:40Z,0,kemarin 26 sd 28 januari 2025 sy liburan keluarga dimana hotelnya area pantai kutapas masuk jalan pantai kuta belokan hotel truntum lampu penerangan pju gelap bibir pantainya abrasi tergerus ombak lautklo pusat keramaian beachwalk resto hingar bingar musik jedag jedug ramai,0.0,Netral
_XabX6yJY3A,@AnisiusMae,"Masa di mana saya masih di Bali tahun 1993 - 1997 pantai Kuta sangatlah bagus dan bersih dan pasir putihnya terbentang luas,, sayangnya di jaman itu belum ada hp  secanggih sekarang ini ,, jadi kenangan itu tidak bisa di abadikan. 
Jaman pada masa itu hanya orang orang berduit yang bisa mengabadikan Denga kamera Kanon atau Soni ..
Dan juga Uluwatu pada masa itu masih bukit yang di penuhi binatang liar terutama monyet dan anjing liar ,, tapi sekarang Uluwatu sudah tempat wisata yang sangat istimewa dengan pantai pantainya ..
Kuta sekarang sudah menjadi kenangan ..",2025-02-01T14:12:05Z,1,bali 1993 1997 pantai kuta bagus bersih pasir putihnya terbentang luas sayangnya jaman hp secanggih kenangan abadikan jaman orang orang berduit mengabadikan denga kamera kanon soni uluwatu bukit penuhi binatang liar monyet anjing liar uluwatu wisata istimewa pantai pantainya kuta kenangan,0.0,Netral
_XabX6yJY3A,@yourbuddy6421,"Tak ada turis, orang Bali mengeluh.
Ada banyak turis, orang Bali mengeluh.
Mana ada bule turis sudah bayar mahal kok disuruh jadi tukang sampah.
Mana itu Pemda Bali yang makan uang rakyat kok nggak mampu mengerahkan petugas kebersihan.
MIKIR PAKAI OTAK.",2025-01-31T13:27:41Z,0,turis orang bali mengeluh turis orang bali mengeluh bule turis bayar mahal disuruh tukang sampah pemda bali makan uang rakyat nggak mengerahkan petugas kebersihan mikir pakai otak,0.0,Netral
_XabX6yJY3A,@liekpinandoyo7857,TROTOAR PEJALAN KAKI JUGA KECIL SEKALI DI SEPENJANG HOTEL DAN PERTOKOAN..! INI HARUS ADA PENGORBANAN MASING2 TEMPAT UNTUK MELEBARKAN TROTOAR PEJALAN KAKI . ! ATAU ASPAL DIKECILKAN HANYA 5 METER SAJA .!!,2025-01-31T03:30:46Z,1,trotoar pejalan kaki sepenjang hotel pertokoan pengorbanan masing2 melebarkan trotoar pejalan kaki aspal dikecilkan 5 meter,0.0,Netral
_XabX6yJY3A,@liekpinandoyo7857,LOH KOK GITU SEKARANG!!! PASIR PINGGIR PANTAINYA MANA? DARI PADA PASIR DIJUAL KE SINGAPURA ...ITU PERBAIKI NEGRI...!!! PA PRABOWO ..STOP EXPORT PASIR..!,2025-01-31T03:09:02Z,1,loh gitu pasir pinggir pantainya pasir dijual singapura perbaiki negri pa prabowo stop export pasir,0.0,Netral
_XabX6yJY3A,@pecutsakti5081,"Slh satunya hanya memikirkan income spy turis manca negara berduyun duyun kebali,,, smakin padst smakin bnyk remtal motor n mobil... Luas jln ga brubah itulah ğŸ˜‚",2025-01-30T05:14:08Z,0,slh satunya memikirkan income spy turis manca negara berduyun duyun kebali smakin padst smakin bnyk remtal motor n mobil luas jln ga brubah,0.0,Netral
_XabX6yJY3A,@pecutsakti5081,"Kurang memikirkan tata kelola kota, termasuk psntai, jln yg smakin macet yrabsportasi imum dihilangkan, bukan diperbmyk spy mastarsk n turis lokal bs menjangkau temoat eisata dgn murah,,, ğŸ˜®ğŸ˜®ğŸ‰ğŸ‰ğŸ‰",2025-01-30T05:09:21Z,1,memikirkan tata kelola kota psntai jln yg smakin macet yrabsportasi imum dihilangkan diperbmyk spy mastarsk n turis lokal bs menjangkau temoat eisata dgn murah,0.0,Netral
_XabX6yJY3A,@yahyayuhaya6416,kuta sudah gk seindah dulu abarasi makin parah..,2025-01-30T01:20:24Z,2,kuta gk seindah abarasi parah,0.0,Netral
_XabX6yJY3A,@TheLaughingLion,Wow so sorry to see Kuta beach like this. I hope the government helps build the coastline back to before and fix the enbankments. Very crowded still there at night. Thanks for showing us the beach status. ğŸ™ğŸ™,2025-01-29T18:52:37Z,4,wow so sorry to see kuta beach like this i hope the government helps build the coastline back to before and fix the enbankments very crowded still there at night thanks for showing us the beach status,0.0,Netral
_XabX6yJY3A,@sailendra1245,Bosen di bali,2025-01-29T14:02:36Z,0,bosen bali,0.0,Netral
_XabX6yJY3A,@nationalistidealist1657,saya ke sana dulu 2008. pantainya indah. setiap jam 3 pagi akan ada mesin bulldozer meratakan pasir pantainya,2025-01-29T11:03:15Z,0,2008 pantainya indah jam 3 pagi mesin bulldozer meratakan pasir pantainya,0.0,Netral
_XabX6yJY3A,@aliabdulkader3465,"KOTOR BALI,BANYAK MAKSIAT.",2025-01-29T04:06:32Z,0,kotor balibanyak maksiat,0.0,Netral
_XabX6yJY3A,@Mbahharto-p6b,Solusi mengatasi abrasi pantai Kuta adalah Pemda Bali menyewa kapal penyedot pasir dan pasir didepan pantai disedot ke pantai sehingga pantai menjadi lebar dan tinggi.PAD Bali yg tinggi tidak sulit kalau hanya mengeluarkan biaya 100 M untuk normalisasi pantai Kuta.,2025-01-29T00:16:16Z,0,solusi mengatasi abrasi pantai kuta pemda bali menyewa kapal penyedot pasir pasir didepan pantai disedot pantai pantai lebar tinggipad bali yg sulit mengeluarkan biaya 100 m normalisasi pantai kuta,0.0,Netral
_XabX6yJY3A,@Suwarno-os1vn,Bali terkenal. Kebersihanya. Masarakat. Bali. Selalu. Menjaga. Kebersihanya.  Tapi. Sayang. Pengunjung dari. Luar. Negeri. Tidak. Bisa. Mwnjaga. Kebersihanya,2025-01-28T22:37:32Z,0,bali terkenal kebersihanya masarakat bali menjaga kebersihanya sayang pengunjung negeri mwnjaga kebersihanya,0.0,Netral
_XabX6yJY3A,@kadoceria7071,"Semoga di perhatikan sama pemerintah daerah & pusat, harus gerak cepat , atau hilang selamanya pantai Kuta & beberapa di Sanur. Paling cepat di kasih pemecah ombak, kelanjutan di budidayakan terumbu karang  atau hutan mangrove (utk hutan mangrove tergantung lokasi) , semoga lekas ada solusi, atau hilang jadi sejarah. Semoga masyarakat sekitar yg mencari rejeki di sana kompak menyuarakan suara atau datangi gedung DPR.",2025-01-28T16:52:34Z,0,semoga perhatikan pemerintah daerah pusat gerak cepat hilang pantai kuta sanur cepat kasih pemecah ombak kelanjutan budidayakan terumbu karang hutan mangrove utk hutan mangrove tergantung lokasi semoga lekas solusi hilang sejarah semoga masyarakat yg mencari rejeki kompak menyuarakan suara datangi gedung dpr,0.0,Netral
_XabX6yJY3A,@wiryadidharmawan,"Sunset itu sore hari, bli hehe 3:03",2025-01-28T16:12:06Z,2,sunset sore bli hehe 303,0.0,Netral
_XabX6yJY3A,@ziefebian9380,Kalo ada tsunami gmn ya?,2025-01-28T05:37:04Z,0,kalo tsunami gmn ya,0.0,Netral
_XabX6yJY3A,@rinatjandra6406,Bali tetap kota wisata yg menarik ğŸ‘ğŸ»ğŸ‡®ğŸ‡©,2025-01-28T03:40:51Z,1,bali kota wisata yg menarik,0.0,Netral
_XabX6yJY3A,@SigitRamadhan07,Malang Kota Hadir Bli ğŸ‘,2025-01-28T03:38:43Z,1,malang kota hadir bli,0.0,Netral
_XabX6yJY3A,@yancemayang1462,jadi kangen Bali deh... terakhir Bulan Maret 2024 ke Bali... â¤â¤â¤,2025-01-27T22:55:51Z,6,kangen bali deh maret 2024 bali,0.0,Netral
_XabX6yJY3A,@beautifulmistake7591,"Yah semenjak di pantai kuta diisi jalan untuk jogging adalah ide yg sangat buruk. Kayak gk bisa lari di pasir aja, atau kayak gk ada jln raya untuk jogging. Bodoh",2025-01-27T20:38:34Z,0,yah semenjak pantai kuta diisi jalan jogging ide yg buruk kayak gk lari pasir aja kayak gk jln raya jogging bodoh,0.0,Netral
_XabX6yJY3A,@riris_di-negara_keju,Sehat sehat semua,2025-01-27T18:37:36Z,0,sehat sehat,0.0,Netral
_XabX6yJY3A,@stwisnuadi,"Sepanjang tanggul seharusnya dikasih lampu2 penerangan yg nyaman sepanjang pantai dan dijaga kebersihan. 
Kurang lampu2 yg cantik di pinggir pantai.",2025-01-27T17:00:23Z,1,tanggul dikasih lampu2 penerangan yg nyaman pantai dijaga kebersihan lampu2 yg cantik pinggir pantai,0.0,Netral
_XabX6yJY3A,@1979Channel,"Resiko kalau suatu daerah kalau ekonominya ditopang oleh Pariwisata. Pembangunan yang sangat masif, menghancurkan sempadan pantai, jalur hijau, kawasan suci, semuanya hanya demi Cuan semata. Dan, lebih baik kita jadi penonton saja sambil melihat endingnya, sampai kapan sebuah ""kapal Pesiar"" yang bernama BALI akan bisa bertahan dan tidak tenggelam. Kopi pahit dulu luurr....",2025-01-27T14:51:54Z,0,resiko daerah ekonominya ditopang pariwisata pembangunan masif menghancurkan sempadan pantai jalur hijau kawasan suci cuan penonton endingnya kapal pesiar bernama bali bertahan tenggelam kopi pahit luurr,0.0,Netral
_XabX6yJY3A,@maharani_shima99,"Saya 2 Minggu lalu  ke BALI  via Kertajati Majalengka 
Baru ngalamin Pesawat  berputar butar  diatas Pantai Bali Puluhan Kilometer  dari Bandara  Ngurah Rai 
Kata Awak Kabin Bali lagi di guyur  Hujan lebat juga Pesawat di Bandara lagi Padat 
Dan Akhirnya Saya mengalami Pesawat Kehujanan di Udara  sebelum landing dgn nyaman dan  Selamat  
Esok nya Saya lanjut ke Singaraja  Di Pantai Samping Hotel Singaraja yg Saya minap Pantainya Lagi di bersihin cukup bersih cuma disana beda Pasirnya  dan 2 hari kemudian Saya ke Pantai Kuta kebetulan Minap di Kuta dekat Discovery  Pantai Kuta Kotor banyak Kayu2 Ranting2 katanya itu Kiriman Wilayah Bali lainnya  karena  Air Hujan dari  Bukit 2 lewat Aliran Sungai membawa Ranting dan Kotoran lainnya  
Jujur Kecewa tapi Alam  Akan selalu  apa adanya , Akhirnya  Saya  ke Pantai Nusa  Dua disana  Cukup Bersih  dan banyak Bule2 yg Surfing atau Selancar  disana 
Driver sekaligus  Guide ku disana  juga mengajak  Pantai Pandawa  yg waktu itu Cukup Bersih   sekaligus  Ambil Fotho di Tanah Merah",2025-01-27T14:30:32Z,2,2 minggu bali via kertajati majalengka ngalamin pesawat berputar butar diatas pantai bali puluhan kilometer bandara ngurah rai awak kabin bali guyur hujan lebat pesawat bandara padat mengalami pesawat kehujanan udara landing dgn nyaman selamat esok nya singaraja pantai samping hotel singaraja yg minap pantainya bersihin bersih disana beda pasirnya 2 pantai kuta minap kuta discovery pantai kuta kotor kayu2 ranting2 kiriman wilayah bali air hujan bukit 2 aliran sungai membawa ranting kotoran jujur kecewa alam pantai nusa disana bersih bule2 yg surfing selancar disana driver guide ku disana mengajak pantai pandawa yg bersih ambil fotho tanah merah,0.0,Netral
_XabX6yJY3A,@agussetiawan4290,"MLM TH BARU UJUNG TH 2013 SY DI PANTAI KUTA SAYANG HUJAN SAAT ITU
TP PANTAINYA MSH LUMAYAN BAGUS",2025-01-27T11:02:35Z,0,mlm th ujung th 2013 sy pantai kuta sayang hujan tp pantainya msh lumayan bagus,0.0,Netral
_XabX6yJY3A,@bidadari5373,"MASYARAKAT INDONESIA HARUS JAGA KEBERSIHAN KELESTARIAN  DAERAHNYA JGN MEMPERMALUKAN DIRI KITA KEPADA BANGSA LAIN JGN IKUT KEJOROKAN INDIA,HARUS BS MEMBAGAKAN NEGARA KITA DIMATA DUNIA SEBAB INFONESIA NEGARA YG TERINDAH SURGANYA DUNIA, BERSAING DENGAN SWITZERLAND Y....MASING2 PUNYA KELEBIHAN DAYA TARIK YG TERSENDIRI",2025-01-27T02:36:08Z,0,masyarakat indonesia jaga kebersihan kelestarian daerahnya jgn mempermalukan bangsa jgn kejorokan indiaharus bs membagakan negara dimata dunia infonesia negara yg terindah surganya dunia bersaing switzerland ymasing2 kelebihan daya tarik yg tersendiri,0.0,Netral
_XabX6yJY3A,@konowakanda,bali itu tempat wisata turis kere ğŸ˜‚,2025-01-26T21:34:51Z,0,bali wisata turis kere,0.0,Netral
_XabX6yJY3A,@sasyarevania,â¤ BaliiiiiiğŸ’•ğŸ’• .. tpp semua perlu penataan.. smngt,2025-01-26T11:31:02Z,3,baliiiiii tpp penataan smngt,0.0,Netral
_XabX6yJY3A,@TralalaTrilili54,"Dinas kebersihan.... tolong 
Tidak tidak bersih sama dengan tidak ada pariwisata",2025-01-26T10:11:15Z,0,dinas kebersihan tolong bersih pariwisata,0.0,Netral
_XabX6yJY3A,@RohaizadLazim,*_SEMUA ORANG SUKA REKREASI KE PANTAI KUTANG_*,2025-01-25T23:28:59Z,1,_semua orang suka rekreasi pantai kutang_,0.0,Netral
_XabX6yJY3A,@commentsarefree4311,"I remember an announcement was made by the Government to add a few more wave breakers in this are, like to one in front of Discovery Mall. When can we expect to construction of these to start? Any news on this project?",2025-01-25T22:59:56Z,0,i remember an announcement was made by the government to add a few more wave breakers in this are like to one in front of discovery mall when can we expect to construction of these to start any news on this project,0.15,Positif
_XabX6yJY3A,@Travel-by-Jonathan-Lewie,"I know mate it will be sad if it was to go, hopefully be able to fix it, but we have plenty of great memories and videos to remember if nature wont let us save it",2025-01-25T09:36:14Z,5,i know mate it will be sad if it was to go hopefully be able to fix it but we have plenty of great memories and videos to remember if nature wont let us save it,0.26666666666666666,Positif
_XabX6yJY3A,@SilumanMimpi212,Warna pasir nya bagus pantai Kuta,2025-01-25T09:16:10Z,0,warna pasir nya bagus pantai kuta,0.0,Netral
_XabX6yJY3A,@LaluAndi-q2y,"Klo di th 1987 kuta memang asri waktu yg ada hanya pedagang asongan yg berjalan kaki dari ujung pantai jerman s/d pantai ujung utra padma.
Sekarang pantai kuta berubah jadi semeraut karena pantai nya di pakek orang berjualan",2025-01-25T01:29:26Z,0,klo th 1987 kuta asri yg pedagang asongan yg berjalan kaki ujung pantai jerman sd pantai ujung utra padma pantai kuta berubah semeraut pantai nya pakek orang berjualan,0.0,Netral
_XabX6yJY3A,@sheryl8888,"Bali harus belajar banyak dari pulau Langkawi yg indah, bersih dan semua tertata rapih",2025-01-24T18:36:19Z,0,bali belajar pulau langkawi yg indah bersih tertata rapih,0.0,Netral
_XabX6yJY3A,@faisolfaisol3839,Rasane pingin hidup d bali saking indahnya Bali,2025-01-24T06:02:23Z,2,rasane pingin hidup d bali saking indahnya bali,0.0,Netral
_XabX6yJY3A,@hilman8565,"Aku ingat Bali karena kekayaan budayanya.., arsitekturnya yg indah unik.. pahat2an luar biasa, musik, dan pemandangan alam yg luar biasa..
Skrg bali tempat udo2, dunia malam, dan minum2..",2025-01-24T05:10:01Z,4,bali kekayaan budayanya arsitekturnya yg indah unik pahat2an musik pemandangan alam yg skrg bali udo2 dunia malam minum2,0.0,Netral
_XabX6yJY3A,@niwayansuasmini4519,Biasa ada yg senang ada yg ingin menjatuhkan bali .karena iri .dll,2025-01-24T03:44:47Z,0,yg senang yg menjatuhkan bali iri dll,0.0,Netral
_XabX6yJY3A,@vee2039,"Bli ,sate babinya pindah kmn?september ksana ga ada",2025-01-24T02:58:07Z,0,bli sate babinya pindah kmnseptember ksana ga,0.0,Netral
_XabX6yJY3A,@vee2039,Kok lampunya kurang ya,2025-01-24T02:56:26Z,0,lampunya ya,0.0,Netral
_XabX6yJY3A,@vee2039,"Dulu lg namanya natour kuta,sy prnh stay dsana dulu",2025-01-24T02:50:08Z,0,lg namanya natour kutasy prnh stay dsana,0.0,Netral
_XabX6yJY3A,@gary1477,The English commentary is AI gejnerated.,2025-01-24T02:48:07Z,0,the english commentary is ai gejnerated,0.0,Netral
_XabX6yJY3A,@paijo1883,"Joo Update,bikin dong,video tentang Parq Ubud,Kampung Rusia di Ubud.",2025-01-24T00:12:29Z,0,joo updatebikin dongvideo parq ubudkampung rusia ubud,0.0,Netral
_XabX6yJY3A,@BlackPearl-crk,waduh pantai nya sebentar lagi hilang,2025-01-23T10:02:59Z,0,pantai nya sebentar hilang,0.0,Netral
_XabX6yJY3A,@TebeTusri,Pantai kuta selalu ramai,2025-01-23T07:42:35Z,1,pantai kuta ramai,0.0,Netral
_XabX6yJY3A,@Bayareasky,"Lagimana gak mau jadi kenangan? warga nya aja sendiiri gak peduli dengan kebersihan masih kuno pikirannya 3rd world country, buang sampah ke sungai terus menerus. kuno.",2025-01-23T02:21:42Z,0,lagimana gak kenangan warga nya aja sendiiri gak peduli kebersihan kuno pikirannya 3rd world country buang sampah sungai menerus kuno,0.0,Netral
_XabX6yJY3A,@tovanomanuhutu343,BALI IS THE BEST,2025-01-23T02:17:46Z,0,bali is the best,1.0,Positif
_XabX6yJY3A,@damarwirawan1348,"pindah bli, skrg di selatan bali atau pesisir bawah uluwatu",2025-01-23T02:13:37Z,0,pindah bli skrg selatan bali pesisir uluwatu,0.0,Netral
_XabX6yJY3A,@iwayan.suryana,"Bali tidak layak dikunjungi di 2025.. Banyak masalah, dari segi keamanan, kemacetan dan ke ke yang lainnya.. Banyak turis ke thailand sekarang",2025-01-22T22:51:38Z,0,bali layak dikunjungi 2025 segi keamanan kemacetan turis thailand,0.0,Netral
_XabX6yJY3A,@jerosukiani4443,"Hilang alaminya krn aturan yg tdk dijaga dan dilaksanakan krn sll mengejar APBD bahkan yg lebih paraj kesucian sdh hilang,  etika jg tak ada dan sangat bebas kita yg bergerak bisnis diwisata menerobos budaya serta mengorbankan sgl warisan leluhur, wilayah kuta dan tempat wisata telah pindah tangan kewisatawan, sadarlah hyang widhi mulai ambil bagian guna mengingatkan kesadaran manusia hindu makanya abrasi semakin parah,  kalau kenangan yg berbudaya sih bagus tapi kalau kenangan  mengorbankan dan menghianati warisan leluhur apa yg akan terjadi?  Tinggal menunggu waktu nggak usah sedih semua ini terjadi krn siapa? jawab sendiri kepadatan manusia di denpasar sdh overlod msh kah kita bangga?",2025-01-22T22:38:44Z,0,hilang alaminya krn aturan yg tdk dijaga dilaksanakan krn sll mengejar apbd yg paraj kesucian sdh hilang etika jg bebas yg bergerak bisnis diwisata menerobos budaya mengorbankan sgl warisan leluhur wilayah kuta wisata pindah tangan kewisatawan sadarlah hyang widhi ambil kesadaran manusia hindu abrasi parah kenangan yg berbudaya sih bagus kenangan mengorbankan menghianati warisan leluhur yg tinggal menunggu nggak sedih krn kepadatan manusia denpasar sdh overlod msh kah bangga,0.0,Netral
_XabX6yJY3A,@Bocah_Petualang69,"Sebenarnya bukan tergerus tpi karena reklamasi . Jdi seakan2 tergerus.
Cmn harus waspada. Laut akan meminta kembali miliknya ğŸ™",2025-01-22T15:24:37Z,1,tergerus tpi reklamasi jdi seakan2 tergerus cmn waspada laut miliknya,0.0,Netral
_XabX6yJY3A,@atiekmujiati8080,Waduh kl minggu ini msh hujankah?pengen ke Bali nih.,2025-01-22T14:58:02Z,0,kl minggu msh hujankahpengen bali nih,0.0,Netral
_XabX6yJY3A,@Hery195,Smua ada awal dan akhir..bgitu jugk dg Bali,2025-01-22T12:39:20Z,0,smua akhirbgitu jugk dg bali,0.0,Netral
_XabX6yJY3A,@dedixraya6354,Memang segitu pantainya lah....kan divaping pakai jalan kaki jadinya semakin kecil pantainya hilang alaminya luas,2025-01-22T12:29:25Z,3,segitu pantainya lahkan divaping pakai jalan kaki pantainya hilang alaminya luas,0.0,Netral
_XabX6yJY3A,@pplpgulatsumut4474,Bali bikin kangen bulan juli samapai september kemarin aku tinggal di canggu ..hampir setiap sore jalan2 ke pantai..Bali syahdu,2025-01-22T06:28:01Z,4,bali bikin kangen juli samapai september kemarin tinggal canggu sore jalan2 pantaibali syahdu,0.0,Netral
_XabX6yJY3A,@rrmediavlog,Bali itu bikin kangen walaupun sering ke Bali tapi gak ada bosen nya ğŸ‘ğŸ‘,2025-01-22T06:02:17Z,18,bali bikin kangen bali gak bosen nya,0.0,Netral
_XabX6yJY3A,@erwinhandoko2010,iya kuta mengalami abrasi lumayan parah sejak terjadinya sunami aceh imbasnya sampai ke pantai kuta bali  air laut terus naik kedaratan sehingga luas pasir pantai jadi berkurang dlu waktu di tahun 90 an luas banget pasir putih pantainya sering dipakai selancar dan main layang layang. i love yau bali,2025-01-22T03:21:58Z,0,iya kuta mengalami abrasi lumayan parah sunami aceh imbasnya pantai kuta bali air laut kedaratan luas pasir pantai berkurang dlu 90 an luas banget pasir putih pantainya dipakai selancar main layang layang i love yau bali,0.3333333333333333,Positif
_XabX6yJY3A,@iintabiin9849,Sedih tapi senang kan?ğŸ˜Š,2025-01-22T02:31:09Z,0,sedih senang,0.0,Netral
_XabX6yJY3A,@Aqillajunior,Pantai yang penuh dengan dosa makanya kotor,2025-01-22T00:22:44Z,0,pantai penuh dosa kotor,0.0,Netral
_XabX6yJY3A,@Son_son77,"Bli itu pantai kuta kurang sekali penerangannya jd terlihat agak suram dan tdk terawat. Coba ditangani dgn lebih serius, pasti akan ramai di malam hari ditambah lokasinya yg strategis.",2025-01-21T20:06:42Z,0,bli pantai kuta penerangannya jd suram tdk terawat coba ditangani dgn serius ramai malam ditambah lokasinya yg strategis,0.0,Netral
_XabX6yJY3A,@ateam8561,"Menikmati Bali di tahun 70-80-90-hingga 2000-2015an mkin masih nyaman. Tapi tidak stlh pasca covid 19. 
Pelaku wisata nya yg rasis thdp wisatawan lokal dan mendewakan wisatawanÂ² asing ""tidak berubah bahkan skrg semakin-makin"". 
Bali kini kotor dimanaÂ², jalan macet, banjir dimanaÂ², infrastuktur dan tata kotanya semwrawut tdk tertata rapi. 

Sebagai wisatawan lokal yg rajin berlibur ke Bali (setahun bisa 2x dan tinggal disana hingga 4-6 minggu) dan terakhir kesana akhir Deaember 24 hingga pertengahan Jan '25 melihat pariwisata Bali sprti sdh di ujung masa ke-emasan-nya.
Tinggal pantai Sanur satuÂ²nya tempat yg masih nyaman unk didatangi dan menetap 2-4 malam disana tanpa kita harus melihat kesemerawutan Bali.

Benar kata banyak orang, sekarang Bali sdg menikmati Karma-nya dan ""Bali Sudah Selesai"".

DTW di Indonesia yg memiliki keindahan alam, budaya dan warganya ramah tamah bukan hanya Bali saja. Mari hidupkan DaerahÂ² wisata lainnya. Biarkan saat ini warga Bali menikmati waktunya unk berbenah dan mau introspeksi diri",2025-01-21T16:31:31Z,0,menikmati bali 708090hingga 20002015an mkin nyaman stlh pasca covid 19 pelaku wisata nya yg rasis thdp wisatawan lokal mendewakan wisatawanÂ² asing berubah skrg semakinmakin bali kotor dimanaÂ² jalan macet banjir dimanaÂ² infrastuktur tata kotanya semwrawut tdk tertata rapi wisatawan lokal yg rajin berlibur bali setahun 2x tinggal disana 46 minggu kesana deaember 24 pertengahan jan 25 pariwisata bali sprti sdh ujung keemasannya tinggal pantai sanur satuÂ²nya yg nyaman unk didatangi menetap 24 malam disana kesemerawutan bali orang bali sdg menikmati karmanya bali selesai dtw indonesia yg memiliki keindahan alam budaya warganya ramah tamah bali mari hidupkan daerahÂ² wisata biarkan warga bali menikmati unk berbenah introspeksi,0.0,Netral
_XabX6yJY3A,@agusbetet2364,I Love Kuta â¤â¤,2025-01-21T15:09:53Z,0,i love kuta,0.5,Positif
_XabX6yJY3A,@farouqse,"Bln. Oktober. 2024.

Sy.
ke. Bali .

Ke. Kuta .
Tnh. Lot. Dll.

&.

Sy 
Minap.

di.
HoteL.

* Sun Island.*

Legian.

BALI .",2025-01-21T13:49:51Z,0,bln oktober 2024 sy bali kuta tnh lot dll sy minap hotel sun island legian bali,0.0,Netral
_XabX6yJY3A,@PJ-ft6jg,"Sedih knpa bro ? justru sy sedih melihat kondisi jawa ,, kebudayaannya mulai punah di jajah budaya Arab ,, berpakaian ala Arab ,, musik ala Arab ,, asal terlihat beriman pdhl prilakunya bejat.",2025-01-21T13:36:19Z,0,sedih knpa bro sy sedih kondisi jawa kebudayaannya punah jajah budaya arab berpakaian ala arab musik ala arab beriman pdhl prilakunya bejat,0.0,Netral
_XabX6yJY3A,@tumadiyanto9382,Semua ada masanya,2025-01-21T13:18:04Z,0,masanya,0.0,Netral
_XabX6yJY3A,@topansinab1242,"keliatan rusuh padahal kelas internasional
sayang banget",2025-01-21T13:17:51Z,0,keliatan rusuh kelas internasional sayang banget,0.0,Netral
_XabX6yJY3A,@toZ-x7b,"Benar blih, Kuta itu kenangannya...,semoga Bali selalu aman siang atau malam...",2025-01-21T12:34:25Z,0,blih kuta kenangannyasemoga bali aman siang malam,0.0,Netral
_XabX6yJY3A,@Xryzna,"Miris memang, abrasi yang terjadi, dulu pasiran tempat berjalan & para turis berjemur, sekarang jadi area air & terkikis.",2025-01-21T07:06:54Z,0,miris abrasi pasiran berjalan turis berjemur area air terkikis,0.0,Netral
_XabX6yJY3A,@alikusnandar.bul1148,"Terima kasih.. Vlog situasi pantai kuta terbarunya Blih. Semoga tetap indah pantai kuta nya di cuaca ke depannya. 
Tetap semangat dan Sehat selalu. 
Best Chanel Joo update ğŸ‘‘",2025-01-21T06:56:12Z,0,terima kasih vlog situasi pantai kuta terbarunya blih semoga indah pantai kuta nya cuaca depannya semangat sehat best chanel joo update,1.0,Positif
_XabX6yJY3A,@densahar,"akhirÂ² ini banyak terjadi kasus yg menjadi atensi para turis lokal dan asing dibali, pemerintah dan masyarakat bali harus kompak untuk menciptakan situasi aman disana. jgn sampai bali dikenal sbg tempat yg kurang aman utk dikunjungi.
miris.. ketika aksi bejat dan kriminal dilalukan oleh bbrp org malah membuat cemar nama bali yg tersohor dari dulu sbg destinasi wisata no.1 didunia..
kembalikan citra bali dari aksi begal, pemerkosaan dll.. ini sgt memprihatinkan.
terapkan hukum adat dan negara utk menindak tegas pelaku kajahatan thdp turis.",2025-01-21T06:11:48Z,1,akhirÂ² yg atensi turis lokal asing dibali pemerintah masyarakat bali kompak menciptakan situasi aman disana jgn bali dikenal sbg yg aman utk dikunjungi miris aksi bejat kriminal dilalukan bbrp org cemar nama bali yg tersohor sbg destinasi wisata no1 didunia kembalikan citra bali aksi begal pemerkosaan dll sgt memprihatinkan terapkan hukum adat negara utk menindak pelaku kajahatan thdp turis,0.0,Netral
_XabX6yJY3A,@erwinvanlubak1179,"Saya sering ke Bali mulia th 1993, 1995 mulai pagar Kuta pendek sampai sekarang tinggi...sedih lihat Kuta yg dulu bersih indah dan jadi ikon Bali, Desember kemarin saya bersama anak istri ke Kuta sekarang kotor ...semoga dinas terkait bisa mengembalikan Kuta seperti dulu...",2025-01-21T04:53:48Z,19,bali mulia th 1993 1995 pagar kuta pendek tinggisedih lihat kuta yg bersih indah ikon bali desember kemarin anak istri kuta kotor semoga dinas terkait mengembalikan kuta,0.0,Netral
_XabX6yJY3A,@satrianak,pemerintah daerahnya ga mengelola secara baik ! ...,2025-01-21T04:53:27Z,0,pemerintah daerahnya ga mengelola,0.0,Netral
_XabX6yJY3A,@firebeta2137,blii jalan2 ke kintamani,2025-01-21T03:58:03Z,0,blii jalan2 kintamani,0.0,Netral
_XabX6yJY3A,@argatejas-g4m,"Biaya hidup yg melonjak tinggi di AS dan Eropa. Bukan hanya ke Bali, di seluruh dunia jumlah turis menurun. Kelas menengah kebawah yg merupakan mayoritas kelompok ekonomi masyarakat kini tdk punya uang lebih utk liburan. Hidup pas pasan !",2025-01-21T02:25:24Z,0,biaya hidup yg melonjak as eropa bali dunia turis menurun kelas menengah kebawah yg mayoritas kelompok ekonomi masyarakat tdk uang utk liburan hidup pas pasan,0.0,Netral
_XabX6yJY3A,@NyomanIrawan-fu6sj,Kuta hanya tingal kenangan,2025-01-20T23:18:29Z,0,kuta tingal kenangan,0.0,Netral
_XabX6yJY3A,@dewocandra,"Ah....konten hoaxs.  Dan bikin berita"" ngk jelas.  Jing.",2025-01-20T21:53:36Z,0,ahkonten hoaxs bikin berita ngk jing,0.0,Netral
_XabX6yJY3A,@rexanugra89,Wah menyedihkan suasana kuta saat ini,2025-01-20T20:23:57Z,0,menyedihkan suasana kuta,0.0,Netral
_XabX6yJY3A,@andeadee5068,pasair nya sampai hilang terkuras air laut,2025-01-20T18:51:09Z,0,pasair nya hilang terkuras air laut,0.0,Netral
_XabX6yJY3A,@Pentong.namalo,Bulan juni 2024 liburan anak sekolah sy ke kuta aman msh bagus bli,2025-01-20T18:14:56Z,0,juni 2024 liburan anak sekolah sy kuta aman msh bagus bli,0.0,Netral
_XabX6yJY3A,@arisaristiady4809,"Hee hee 
Indah ya pantai bali
Semoga saya punya duit banyak
Bisa berkunjung ke bali",2025-01-20T17:38:12Z,1,hee hee indah ya pantai bali semoga duit berkunjung bali,0.0,Netral
_XabX6yJY3A,@citracitra907,Orng plosok jawa katrok meliput bali..,2025-01-20T16:51:49Z,0,orng plosok jawa katrok meliput bali,0.0,Netral
_XabX6yJY3A,@selamatphamonanganpanggabe5647,"Bali merupakan tempat Parawisata yg tidak pernah terlupakan, wisatanya sangat bagus, 2 Tahun yg lalu saya liburan dgn Keluarga, jadi bila lihat Bali ada kerinduan untuk datang lagi, semoga Abrasi Pantai Kuta segera bisa di atasi Pemerintah, Agar tetap terjaga dgn baik, Salam Kangen buat Wisata Bali, Terima kasih",2025-01-20T16:32:38Z,1,bali parawisata yg terlupakan wisatanya bagus 2 yg liburan dgn keluarga lihat bali kerinduan semoga abrasi pantai kuta atasi pemerintah terjaga dgn salam kangen wisata bali terima kasih,0.0,Netral
_XabX6yJY3A,@angellia-l5b,"Aku pernah tinggal di jalan Melasti 3 bulan. Rasanya waktu itu pantai Kuta sangat keren..
Sayang sekali kalau harus rusak",2025-01-20T15:44:28Z,1,tinggal jalan melasti 3 pantai kuta keren sayang rusak,0.0,Netral
_XabX6yJY3A,@achmadsaputra9914,"waduh ini mah parah banget,",2025-01-20T15:20:35Z,0,mah parah banget,0.0,Netral
_XabX6yJY3A,@mahyoto9263,"Kasih tanaman mangrove min, disepanjang pantai kuta, legian dan Seminyak. Biar abrasinya tdk semakin melebar",2025-01-20T14:39:41Z,0,kasih tanaman mangrove min disepanjang pantai kuta legian seminyak biar abrasinya tdk melebar,0.0,Netral
_XabX6yJY3A,@rusyvsp,Sekarang jorok kotor,2025-01-20T14:08:39Z,0,jorok kotor,0.0,Netral
_XabX6yJY3A,@MENESVLOGTOUR,Sungguh tragis air laut makin naik sampai jalan semoga teratasi pemerintah setempat,2025-01-20T13:27:33Z,0,sungguh tragis air laut jalan semoga teratasi pemerintah,0.0,Netral
_XabX6yJY3A,@BudiSantoso-qm2vo,Pesta pasti berakhir.... tampak nya pantai kuta sudah capek.,2025-01-20T12:53:51Z,0,pesta nya pantai kuta capek,0.0,Netral
_XabX6yJY3A,@erikbiantoro7601,"Wah jdi ingat ckitar thn 1995 klo gk salah,prnah mnginap dihotel wina....",2025-01-20T12:19:17Z,1,jdi ckitar thn 1995 klo gk salahprnah mnginap dihotel wina,0.0,Netral
_XabX6yJY3A,@whysanjay3074,"Kuta Bali tenggelam, muncul Kuta Mandalika Lombok....",2025-01-20T12:19:10Z,0,kuta bali tenggelam muncul kuta mandalika lombok,0.0,Netral
_XabX6yJY3A,@nurkholiq6519,Bang coba lewati Hard Rock cafe,2025-01-20T11:59:55Z,0,bang coba lewati hard rock cafe,-0.2916666666666667,Negatif
_XabX6yJY3A,@nietformozachanel5109,Kngen kuta 2015 silam,2025-01-20T11:50:20Z,0,kngen kuta 2015 silam,0.0,Netral
_XabX6yJY3A,@dymy1728,Dulu waktu sya SMA th 2003. Pantai kuta gk kya gini. Pasir2 masih jauh d dalam. Sekarang udah abrasi. Akan tinggal kenangan dsini. ğŸ«£ğŸ«£,2025-01-20T10:20:28Z,0,sya sma th 2003 pantai kuta gk kya gini pasir2 d udah abrasi tinggal kenangan dsini,0.0,Netral
_XabX6yJY3A,@suyatmisuyatmi5637,"Abrasi di setiap pnte sellu trjadi, dlm siklus trtntu.
Itu kjadian alami.",2025-01-20T10:09:21Z,2,abrasi pnte sellu trjadi dlm siklus trtntu kjadian alami,0.0,Netral
_XabX6yJY3A,@ikkieanane8038,Hai kak joo....sehat selalu yaa,2025-01-20T10:00:46Z,0,hai kak joosehat yaa,0.0,Netral
_XabX6yJY3A,@wibisonoardian,"Mulai tahun 1990 sampai kemarin 2021 rutin main ke bali setiap akhir tahun, tujuanya cuma ke seputar Kuta, Jimbaran, sesekali ke kintamani.., untuk stay selalu di area kuta Poppies Lane 2.., nginep di Hotel Bali Dwipa sampe Hotel Bounty udah pernah di coba.., sedih rasanya lihat kuta yang dulu sangat indah bisa main surfing dan boogy board nongkrong sekarang tinggal kenangan.., ğŸ˜­ğŸ˜­ğŸ˜­",2025-01-20T08:00:57Z,1,1990 kemarin 2021 rutin main bali tujuanya seputar kuta jimbaran kintamani stay area kuta poppies lane 2 nginep hotel bali dwipa sampe hotel bounty udah coba sedih lihat kuta indah main surfing boogy board nongkrong tinggal kenangan,0.16666666666666666,Positif
_XabX6yJY3A,@ersyarizz,"2018, kuta kumuh  dan banyak sampahğŸ˜¢ğŸ˜¢",2025-01-20T07:58:03Z,0,2018 kuta kumuh sampah,0.0,Netral
_XabX6yJY3A,@SriRamadany-z9y,"Dulu nmanya grand inna kuta, saya klu liburan di bali stay di GIK.. Skrang namanya truntum",2025-01-20T07:57:56Z,3,nmanya grand inna kuta klu liburan bali stay gik skrang namanya truntum,0.5,Positif
_XabX6yJY3A,@madewismaya2274,Biarkan sepi biar pantainya dapat istirahat dan tenang.karena bertahun tahun diinjak hiruk pikuk...,2025-01-20T07:53:14Z,1,biarkan sepi biar pantainya istirahat tenangkarena bertahun diinjak hiruk pikuk,0.0,Netral
_XabX6yJY3A,@charlesprimacahya2348,"Bg saya yang penting keamanan tidak boleh kendor, krn banyak wisman, demi reputasi negara",2025-01-20T07:38:42Z,0,bg keamanan kendor krn wisman reputasi negara,0.0,Netral
_XabX6yJY3A,@Suwir_66,"Waduh, trotoarnya sembrawut, berlobang. Sampah, parkir motor.... Ada Ibu2 duduk sembarangan gendong bayi. Maaf, pemandangannya sangat tidak enak dipandang mata. Padahal ini destinasi wisata utama di Badung. Tidak ada petugas keamanan terlihat disini. Ya, sudahlah. Nggak ada gunanya juga memberi komen2. Mending tetap fokus mencari penghidupan diri sendiri....",2025-01-20T06:45:35Z,0,trotoarnya sembrawut berlobang sampah parkir motor ibu2 duduk sembarangan gendong bayi maaf pemandangannya enak dipandang mata destinasi wisata utama badung petugas keamanan ya nggak gunanya komen2 mending fokus mencari penghidupan,0.0,Netral
_XabX6yJY3A,@wongjowourip5961,"Pantai kenangan waktu masih pacaran dgn ibu nya anak"", 20 thn lalu pantai kuta sangat cantik dan menghipnotis, walau saya sdh tidak tinggal di bali, melihat kondisi pantai kuta sekarang sangat menyedih kan pantai nya.....",2025-01-20T04:56:19Z,0,pantai kenangan pacaran dgn nya anak 20 thn pantai kuta cantik menghipnotis sdh tinggal bali kondisi pantai kuta menyedih pantai nya,0.0,Netral
_XabX6yJY3A,@agungoka5656,Pemanasan Global berakibat es kutup banyak mencair menambah volume air menyebar ke mana2. Sdh di predeksi para ahli 20 thn ke depan daratan pantai akan menyusut.,2025-01-20T02:04:59Z,0,pemanasan global berakibat es kutup mencair menambah volume air menyebar mana2 sdh predeksi ahli 20 thn daratan pantai menyusut,0.0,Netral
_XabX6yJY3A,@stevenjulius1535,ğŸ˜®,2025-01-20T01:38:27Z,0,,0.0,Netral
_XabX6yJY3A,@hendrasujono2791,3:07 sunset di pagi hari,2025-01-20T00:50:02Z,0,307 sunset pagi,0.0,Netral
_XabX6yJY3A,@AgungSurya-b8s,judulnya propokatip.,2025-01-19T23:13:01Z,0,judulnya propokatip,0.0,Netral
_XabX6yJY3A,@SergeyHan,"I enjoyed watching an interesting and fascinating video. 
I saw a lot of interesting things. Beautiful nature. All the best to you.",2025-01-19T19:42:35Z,2,i enjoyed watching an interesting and fascinating video i saw a lot of interesting things beautiful nature all the best to you,0.6750000000000002,Positif
_XabX6yJY3A,@mahkota93rambut31,Dlu thun 2010 saya kesitu masih blum tergerus.. Kngen bali..klo lihat kuta beach,2025-01-19T18:55:08Z,2,dlu thun 2010 kesitu blum tergerus kngen baliklo lihat kuta beach,0.0,Netral
_XabX6yJY3A,@yussetiyanto79,"Abrasinya parah ya, 30thn lalu sy kesana masih alami sekali kemudian 10thn lalu kesana lagi, pagar sebelah jalan kuta dan toilet 3:40 sdh ada dan jarak bibir pantai masih jauh sekarang kok dekat sekali.",2025-01-19T15:53:08Z,0,abrasinya parah ya 30thn sy kesana alami 10thn kesana pagar sebelah jalan kuta toilet 340 sdh jarak bibir pantai,-0.03333333333333333,Negatif
_XabX6yJY3A,@ferdian2740,"Memang kebiasaan org sini, kalo bangunan atau jalan dekat sekali dgn pantai/pasir putih, gk mau rugi ngangkangin area yg strategis, contoh Ancol, hotel/beach club dll. Merusak alam dan pemandangan. Seharusnya yg benar bangunan baru boleh didirikan sampai batas dimana pasir putih berakhir, kalau perlu dbatasi dgn ruas jalan lbh dahulu. Coba lihat tmpat wisata pantai diluar negeri yg pemerintahnya peduli, rata2 bangunan berdiri jauh dr pantai shg masyarakat bs bebas menikmati pantai. Skrg kalo kena abrasi, ya rasain sendiri deh, apalg yg mau dijual? Hal yg mirip jg terjadi di Kintamani, hampir seluruh area yg menghadap Gn Batur sdh tertutup oleh Kafe dll. ğŸ˜ŸğŸ˜¢",2025-01-19T15:48:32Z,0,kebiasaan org kalo bangunan jalan dgn pantaipasir putih gk rugi ngangkangin area yg strategis contoh ancol hotelbeach club dll merusak alam pemandangan yg bangunan didirikan batas dimana pasir putih dbatasi dgn ruas jalan lbh coba lihat tmpat wisata pantai diluar negeri yg pemerintahnya peduli rata2 bangunan berdiri dr pantai shg masyarakat bs bebas menikmati pantai skrg kalo kena abrasi ya rasain deh apalg yg dijual yg jg kintamani area yg menghadap gn batur sdh tertutup kafe dll,0.0,Netral
_XabX6yJY3A,@doppiodoppio1880,Emg masih ada yg kesitu ? Wisata cuma buat bule org lokal indo kesitu cuma dianggap tukang sapu,2025-01-19T14:58:06Z,0,emg yg kesitu wisata bule org lokal indo kesitu dianggap tukang sapu,0.0,Netral
_XabX6yJY3A,@trikarsono3387,"Terima kasih dan mantap bang joo, sayang lampu kuta beach padam saat ambil gambar yaa.",2025-01-19T14:45:46Z,0,terima kasih mantap bang joo sayang lampu kuta beach padam ambil gambar yaa,0.0,Netral
_XabX6yJY3A,@andreanto3205,"Bali harusnya belajar dari Thailand biar semakin banyak wisatawan ,perbaiki fasilitas,dan atasi sampah, dan gubernur nya harusnya lebih peka dan lebih melestarikan budaya bali,bukan malah sibuk bangun pesantren ğŸ˜‚",2025-01-19T14:14:51Z,0,bali belajar thailand biar wisatawan perbaiki fasilitasdan atasi sampah gubernur nya peka melestarikan budaya balibukan sibuk bangun pesantren,0.0,Netral
_XabX6yJY3A,@pakbudi4976,Hello Kak Joo gimana kabarnya salam sehat dan sukses ya..ğŸ‰,2025-01-19T14:06:22Z,0,hello kak joo gimana kabarnya salam sehat sukses ya,0.0,Netral
_XabX6yJY3A,@elbruno1130,Sunset Pagi Hari yak??,2025-01-19T13:57:03Z,0,sunset pagi yak,0.0,Netral
_XabX6yJY3A,@dragonballverse5807,bukannya dari dulu Januari februari itu pasti begitu ya Bli? dari kecil saya selalu dibilangin kalau ke Bali jangan februari karena angin laut besar dan banyak ikan yang bisa sampai mati di pantai..,2025-01-19T13:45:51Z,0,januari februari ya bli dibilangin bali februari angin laut ikan mati pantai,0.0,Netral
_XabX6yJY3A,@ariffahrudin1772,Bangunan di pantai bukan nya menjauh tapi malah mendekat ke pantai.sehingga pantai kelihatan sempit,2025-01-19T13:41:31Z,0,bangunan pantai nya menjauh mendekat pantaisehingga pantai sempit,0.0,Netral
_XabX6yJY3A,@lasierawati5422,"Kenapa pantsi kuta abrasi,ada dampak dari perluasan airport nguarah rai,tapi tdk separah ini,naaah skrng abrasi nya makin parah,krn di benua ,serangan di reklamasi,dampak nya pantai kuta kena abrasi,saya asli dari kuta,klo laut di timur surut( benua ,serangan) ,laut di barat( kuta ,legian ,seminyak) akan air nya pasang,ombak nya besar bagus untuk berselancar,saya klo pulang ke kuta sedih melihat keadaan pantai kuta rusak,hanya sunset nya yg tetap abadi",2025-01-19T13:39:54Z,0,pantsi kuta abrasiada dampak perluasan airport nguarah raitapi tdk separah ininaaah skrng abrasi nya parahkrn benua serangan reklamasidampak nya pantai kuta kena abrasisaya asli kutaklo laut timur surut benua serangan laut barat kuta legian seminyak air nya pasangombak nya bagus berselancarsaya klo pulang kuta sedih pantai kuta rusakhanya sunset nya yg abadi,0.0,Netral
_XabX6yJY3A,@MadePalut-lx3hn,"Ya PANTAI KUTA  SEKARANG. KONDISINYA SANGAT JAUH  BEDA  , PASIRNYA SUDAH  TINGGAL  DASRNYA SAJA,  KE MANA PASIRNYA YANG DULU ITU???  PANTAINYA  SEPERTI PASAR,  TERLALU BANYAK TEMPAT BERJUALAN  , YAH LAMA  LAMA HANYA JADI KENGAN SAJA .",2025-01-19T13:36:43Z,0,ya pantai kuta kondisinya beda pasirnya tinggal dasrnya pasirnya pantainya pasar berjualan yah kengan,0.0,Netral
_XabX6yJY3A,@suharsosuharso341,"Gubernurnya dong urusin sampah, buat apa jd pemimpin daerah, klw kurang peduli urusin sampah",2025-01-19T13:15:35Z,0,gubernurnya urusin sampah jd pemimpin daerah klw peduli urusin sampah,0.0,Netral
_XabX6yJY3A,@joehari90,"PANTAI KUTA
 satu kata berjuta kenangan ketika waktu 2014 sampai 2019 aku stay di bali pantai kuta masih sangat cantik..
Tapi sekarang ğŸ˜¢",2025-01-19T13:15:12Z,0,pantai kuta berjuta kenangan 2014 2019 stay bali pantai kuta cantik,0.0,Netral
_XabX6yJY3A,@ujangkasep4533,"JooUpdate di pantai Kuta sepi banget di malam hari,di Ubud terbaru,",2025-01-19T13:02:11Z,0,jooupdate pantai kuta sepi banget malam haridi ubud terbaru,0.0,Netral
_XabX6yJY3A,@duaneart888,"Sedih melihat kondisi pantai Kuta saat ini, terakhir ke sana, sudah tidak bisa dinikmati seperti dulu

Dulu, pantai ini menjadi destinasi wajib dan ikon pariwisata Bali yang begitu mempesona

Namun, kini kondisinya sangat memprihatinkan
Abrasi yang luar biasa telah mengikis hamparan pasir pantainya yang indah, sehingga yang tersisa hanya sedikit

Kondisi ini tidak hanya merusak keindahan alam, tapi juga berpotensi berdampak pada perekonomian masyarakat lokal yang bergantung pada pariwisata

Semoga kerja sama dan kepedulian semua pihak, bisa mengembalikan kecantikan Pantai Kuta

SALAM GASPOL !!!",2025-01-19T12:59:55Z,0,sedih kondisi pantai kuta dinikmati pantai destinasi wajib ikon pariwisata bali mempesona kondisinya memprihatinkan abrasi mengikis hamparan pasir pantainya indah tersisa kondisi merusak keindahan alam berpotensi berdampak perekonomian masyarakat lokal bergantung pariwisata semoga kerja kepedulian mengembalikan kecantikan pantai kuta salam gaspol,0.0,Netral
_XabX6yJY3A,@hadiwibowo7031,Sepertinya jarang ada tempat sampah tersedia di sepanjang pantai kuta,2025-01-19T12:59:47Z,13,jarang sampah tersedia pantai kuta,0.0,Netral
_XabX6yJY3A,@bernadaindriananurwidjayan6106,"Kuta oh Kuta..membuat aku kangen setengah mati
Gaspollll bli joo sobat ku terganteng SE Bali â¤â¤â¤",2025-01-19T12:59:09Z,3,kuta oh kutamembuat kangen mati gaspollll bli joo sobat ku terganteng bali,0.0,Netral
_XabX6yJY3A,@RajaauliaKayobungsu-hl8ow,"Bali lambang islam toleransi berzina oke melacur oke sumber devisa negara pemda bali orang jawa sunda cari makan di sana??? """,2025-01-19T12:33:08Z,0,bali lambang islam toleransi berzina oke melacur oke sumber devisa negara pemda bali orang jawa sunda cari makan,0.0,Netral
_XabX6yJY3A,@lukisaepul,itu pantainya kena abrasi kah?,2025-01-19T12:25:30Z,0,pantainya kena abrasi kah,0.0,Netral
_XabX6yJY3A,@RonRon-i3y,kasihan kuta. bli jo,2025-01-19T12:23:08Z,0,kasihan kuta bli jo,0.0,Netral
_XabX6yJY3A,@billyb5057,"the problem with popular tourist places is they often get abused sadly
*thumbs upğŸ‘AuğŸ’¯full view always*",2025-01-19T12:18:30Z,1,the problem with popular tourist places is they often get abused sadly thumbs upaufull view always,0.04999999999999999,Positif
_XabX6yJY3A,@supraptokawasaki4190,Alam sudah bosen dg  aktifitasnya di wisata ...,2025-01-19T12:13:46Z,0,alam bosen dg aktifitasnya wisata,0.0,Netral
_XabX6yJY3A,@adhitya-d6u,"Air naik dan sampah kiriman datang bukankah ini pemandangan/fenomena biasa setiap musin hujan? Kenapa ya judulnya seserem itu?

Damai Bali dan Indonesia.",2025-01-19T12:03:08Z,0,air sampah kiriman pemandanganfenomena musin hujan ya judulnya seserem damai bali indonesia,0.0,Netral
_XabX6yJY3A,@rommydavid1866,Malang memantau,2025-01-19T12:01:46Z,0,malang memantau,0.0,Netral
_XabX6yJY3A,@abdonyulianta5587,"Abrasinya semakin parah y.... 15 thun lalu hamparan pasir masih jauh ke air laut, skr airx kliatan semakin mendekat ke darat....",2025-01-19T11:36:18Z,0,abrasinya parah y 15 thun hamparan pasir air laut skr airx kliatan mendekat darat,0.0,Netral
_XabX6yJY3A,@SriRejeki-vh6rh,"Air Laut tambah tinggi,daratan makin rendahğŸ˜¢",2025-01-19T11:24:50Z,1,air laut tinggidaratan rendah,0.0,Netral
_XabX6yJY3A,@ianricardodp520,"3:03/23:15 duduk duduk dipagi hari menikmati sunset...? Slip of the tongue bro... Kalau pagi itu sunrise bro, sore menjelang magrib baru sunset, kalau ke arah kanan duduk duduk di sore hari menikmati sunset... ğŸ™",2025-01-19T11:21:43Z,2,3032315 duduk duduk dipagi menikmati sunset slip of the tongue bro pagi sunrise bro sore menjelang magrib sunset arah kanan duduk duduk sore menikmati sunset,0.0,Netral
_XabX6yJY3A,@totok9444,PEMERINTAH DAERAH YG CERDAS ..SEDOT PASIR DI DALAM BAWA KE PANTAI ..PASANG TANGGUL DAN BETON PEMECAH OMBAK DI BATAS PANTAI YG DANGKAL BUAT PANTAI YG LANDAI  YG JAUH. .   NANGANI BEGUTU SAJA  LAMBAT .,2025-01-19T10:47:04Z,0,pemerintah daerah yg cerdas sedot pasir bawa pantai pasang tanggul beton pemecah ombak batas pantai yg dangkal pantai yg landai yg nangani begutu lambat,0.0,Netral
_XabX6yJY3A,@TheMoetmoed,"Gw dulu tinggal di UBUD dan paling suka jalan2 bawa mobil dari Ubud ke KUTA lewat sawah2, dan Kuta yang dulu memang sangat cantik, sekarang rusaaaak! Ah kelakuan orang yang serakah dengan duit merusak BALI ku...",2025-01-19T10:11:04Z,0,gw tinggal ubud suka jalan2 bawa mobil ubud kuta sawah2 kuta cantik rusaaaak ah kelakuan orang serakah duit merusak bali ku,0.0,Netral
_XabX6yJY3A,@luhtparyati436,"Pantai ga pernah bosenin,,,,bisa nyanyi dan nari ombaknya.",2025-01-19T10:09:00Z,0,pantai ga boseninbisa nyanyi nari ombaknya,0.0,Netral
_XabX6yJY3A,@asemmanis.1602,"Kuta, Seminyak, Sanur dan sekitarnya sekarang sdh gak asik lagi sebab makin banyak tempat wisata/ kuliner yang keberadaannya dipaksakan ğŸ˜­",2025-01-19T09:55:05Z,0,kuta seminyak sanur sdh gak asik wisata kuliner keberadaannya dipaksakan,0.0,Netral
_XabX6yJY3A,@Rome-tr5us,Jongosh bule? ğŸ¤­,2025-01-19T09:32:31Z,3,jongosh bule,0.0,Netral
_XabX6yJY3A,@olivia-pn2pw,Kok pantainya ditimbun batu...nggak ada garis pantai...,2025-01-19T09:31:38Z,0,pantainya ditimbun batunggak garis pantai,0.0,Netral
_XabX6yJY3A,@SusyHerlambang,Ikut prihatin bli smoga sgera pulih..thn baru kmaren bgus bnget pesta kmbng apiny di kuta...selalu bnyak kenangan di sini spt lagu yg  prnah hit tempo duluâ¤,2025-01-19T09:31:09Z,1,prihatin bli smoga sgera pulihthn kmaren bgus bnget pesta kmbng apiny kutaselalu bnyak kenangan spt lagu yg prnah hit tempo,0.0,Netral
_XabX6yJY3A,@ketutlee7654,Kuta udah sepi...pecatu dan ubud tourist udah lari pada kesana...ini beneran,2025-01-19T09:04:33Z,0,kuta udah sepipecatu ubud tourist udah lari kesanaini beneran,0.0,Netral
_XabX6yJY3A,@mohamadsadam3196,Jawa timur juga hujan berminggu minggu,2025-01-19T09:03:31Z,0,jawa timur hujan berminggu minggu,0.0,Netral
_XabX6yJY3A,@asriyanhidayu4788,"Stay spirit,,Jo ğŸ’ªğŸ’ªğŸ’ªğŸ’ªğŸ’ª",2025-01-19T09:03:10Z,0,stay spiritjo,0.0,Netral
_XabX6yJY3A,@Errybali,"Salam dari Kota Wisata Batu , Bali menjadi contoh untuk tetap aware pada alam dan potensi budaya ,jangan sampai terkikis oleh nafsu cuan bisnis ğŸ¥²",2025-01-19T08:59:27Z,0,salam kota wisata batu bali contoh aware alam potensi budaya terkikis nafsu cuan bisnis,0.25,Positif
_XabX6yJY3A,@Errybali,"Jalanan rutin rute ke kantor dari Jimbaran ke Werkudara , makin hari makin memprihatinkan",2025-01-19T08:56:12Z,0,jalanan rutin rute kantor jimbaran werkudara memprihatinkan,0.0,Netral
_XabX6yJY3A,@Errybali,"ğŸ˜¢ğŸ˜¢, ... Rasanya ikut prihatin melihat suasana Bali selatan , semakin hari semakin beralih ke Kuta Utara atau Ungasan",2025-01-19T08:54:46Z,1,prihatin suasana bali selatan beralih kuta utara ungasan,0.0,Netral
_XabX6yJY3A,@è™ç€¬é‡,"tu malah di juali pasirnya, kasi ke singapur makin luas garis pantainya...taro ke pantai2 penting macam kuta yang makin tergerus..+ penanganan sampah dan pemecah gelombang",2025-01-19T08:35:29Z,1,tu juali pasirnya kasi singapur luas garis pantainyataro pantai2 kuta tergerus penanganan sampah pemecah gelombang,0.0,Netral
_XabX6yJY3A,@madekaban2507,Kenangan indah bersama almarhum ayah di pantai kuta teringat lagi dengan video bg joyupdateğŸ˜¢,2025-01-19T08:34:03Z,1,kenangan indah almarhum ayah pantai kuta video bg joyupdate,0.0,Netral
_XabX6yJY3A,@AMwandering,"Great night walk, thanks for sharing!",2025-01-19T08:30:34Z,0,great night walk thanks for sharing,0.5,Positif
_XabX6yJY3A,@jojo-rk7qc,Maksudnya pemerintah lokal dan pusat itu gmn broo ?,2025-01-19T08:20:05Z,1,maksudnya pemerintah lokal pusat gmn broo,0.0,Netral
_XabX6yJY3A,@tonimasdiono3831,"justru saya menikmati Kuta yang gak terlalu crowded :D tapi memang dari dulu masalah Kuta adalah erosi dan abrasi yang harus terus diatasi, dari waktu ke waktu :D",2025-01-19T07:47:19Z,0,menikmati kuta gak crowded d kuta erosi abrasi diatasi d,0.0,Netral
_XabX6yJY3A,@liesiktjinacing7287,"Samarinda hadir, mantap",2025-01-19T07:30:09Z,1,samarinda hadir mantap,0.0,Netral
_XabX6yJY3A,@Bumbari79,Abrasi di karnakan reklamasi di teluk BenoağŸ˜¢,2025-01-19T07:27:04Z,0,abrasi karnakan reklamasi teluk benoa,0.0,Netral
_XabX6yJY3A,@charleston7970,"Kalian pilih lagi di koster,kan kalian juga yang buat bali hancur.",2025-01-19T07:21:57Z,0,pilih kosterkan bali hancur,0.0,Netral
_XabX6yJY3A,@missleo2488,"Bli jo, untuk beachwalk di area pantai jerman apakah mengalami abrasi yg serupa?",2025-01-19T06:45:47Z,1,bli jo beachwalk area pantai jerman mengalami abrasi yg,0.0,Netral
_XabX6yJY3A,@ge_cakrawala8655,Malang nyimak ğŸ‘,2025-01-19T05:39:10Z,1,malang nyimak,0.0,Netral
_XabX6yJY3A,@skymore2948,"cinta dan engga bosen. pokoknya cintanya Gado gadolah campur aduk ğŸ˜‚. 

duduk manis sunset â¤",2025-01-19T05:10:29Z,1,cinta engga bosen pokoknya cintanya gado gadolah campur aduk duduk manis sunset,0.0,Netral
_XabX6yJY3A,@misteriyful,"T.T ğŸ˜¢ sedih banget kalau sampai tidak terselamatkan, Bli. Mohon semua vlogger atau youtuber di Bali. Suarakan keadaan ini biar kencang dan terdengar pemerintah. Kuta yang dulu indah, berkurang indahnya karena ini. 
Semoga segera dapat dilestarikan kembali. Semangat menyuarakan ini Bli Joo.",2025-01-19T05:03:33Z,4,tt sedih banget terselamatkan bli mohon vlogger youtuber bali suarakan biar kencang terdengar pemerintah kuta indah berkurang indahnya semoga dilestarikan semangat menyuarakan bli joo,0.0,Netral
_XabX6yJY3A,@tourdesadwirini4294,Solo hadir,2025-01-19T05:02:21Z,0,solo hadir,0.0,Netral
_XabX6yJY3A,@fidecgah9947,Koreksi sedikit bli Sunset di pagi hari  3 : 03ğŸ™ğŸ™ğŸ™,2025-01-19T04:33:51Z,0,koreksi bli sunset pagi 3 03,0.0,Netral
_XabX6yJY3A,@SandraWatidebora,"LEKERRRR HORRRRR bLi
salam dr surabaya.....",2025-01-19T04:32:57Z,0,lekerrrr horrrrr bli salam dr surabaya,0.0,Netral
_XabX6yJY3A,@aannies,Kuta yg selalu ngangenin â¤,2025-01-19T04:31:55Z,1,kuta yg ngangenin,0.0,Netral
_XabX6yJY3A,@madesudiasih1181,"Jangankan orang luwar bali saya orang bali asli saja, seneng gak bosen di sana,â¤ï¸ğŸ‘ğŸ™",2025-01-19T04:21:16Z,5,orang luwar bali orang bali asli seneng gak bosen,0.0,Netral
_XabX6yJY3A,@mrmr314,"Mengapa makan di Warung Senggol (Hotel Trumtum) kalau ada banyak warung2 lain dekat menawar harga sepersepuluh? ğŸ‘¹

Wah, the sand washes away every musim hujan and there is flotsam from natural growth including wood, bamboo, coconuts, kerang and all sorts of other stuff washed into the ocean. It happens everywhere, every rainy season, all around the world in the more tropical climes. The sand all comes back every musim panas, or dry season. IT'S CALLED THE MONSOON IN ENGLISH. Everyone needs to stop panicking about it because there is no answer. There is nothing humans can do to stop it.",2025-01-19T04:09:36Z,1,makan warung senggol hotel trumtum warung2 menawar harga sepersepuluh the sand washes away every musim hujan and there is flotsam from natural growth including wood bamboo coconuts kerang and all sorts of other stuff washed into the ocean it happens everywhere every rainy season all around the world in the more tropical climes the sand all comes back every musim panas or dry season its called the monsoon in english everyone needs to stop panicking about it because there is no answer there is nothing humans can do to stop it,0.06805555555555555,Positif
_XabX6yJY3A,@OkyElla,Keren selalu pengin kembali ke bali,2025-01-19T03:57:50Z,0,keren pengin bali,0.0,Netral
